co_per_rol,P_0,r_f,d,s,T,phi,n_s,n_o,K,wealth,rescale_factor
79,100.0,0.0197,0.0040000002,0.41687366,3.3931058151688784,0.02557778,0.084959999,0.00334952431,109.75936456991872,0.081351146,180.8833
111,100.0,0.0197,0.0071999999,0.49831051,3.13989930795584,0.011608231,0.00082999998,0.0035144298900000003,73.57883870364412,0.036413588,643.23688
836,100.0,0.0197,0.0136,0.55885351,2.3317273390537103,0.064815387,0.0012300001,0.002825841984,66.9760921658029,0.073071547,250.9585
885,100.0,0.0197,0.0052,0.37462652,2.763262118331523,0.023048831,0.062859997,0.00476921504,88.49431105711244,0.038777094,302.9527
1017,100.0,0.0197,0.017999999,0.2683225,3.033512638708362,0.09436442,0.0029899999,0.00266871223,70.06467145472081,0.077694446,98.632294
1316,100.0,0.0197,0.0043000001,0.25658616,3.6436285099185914,0.046034899,0.00202,0.00236041627,80.12152051815431,0.062949575,143.6062
1329,100.0,0.0197,0.037999999,0.44012299,2.8391901519828298,0.05737723,0.090970002,0.006733857822,30.47944045787071,0.13679455,138.47624
1455,100.0,0.0197,0.0099999998,0.3739737,2.4211742313894655,0.041034535,0.027349999,0.009314044149999999,73.1972676110717,0.060685478,151.81859
1623,100.0,0.0197,0.017000001,0.3017205,4.042249179546824,0.017371545,0.00030000001,0.0028177507800000003,41.910942139369226,0.033370052,444.76593
1689,100.0,0.0197,0.022,0.25305477,5.0,0.033461053,0.00145,0.0,100.0,0.060050402,174.647
1711,100.0,0.0197,0.0115,0.66640228,3.7963597214764078,0.01303573,0.0012300001,0.00393054525,118.17080612157434,0.028721347,308.38004
1725,100.0,0.0197,0.013,0.41352275,2.365625373579553,0.047446631,0.01307,0.00243542445,72.30764534418643,0.08155223,159.77214
2414,100.0,0.0197,0.0046000001,0.53258914,2.5180334694776003,0.1205577,0.06064,0.013389625110000001,51.044505841486604,0.19900136,24.024744
2472,100.0,0.0197,0.0024000001,0.31394246,4.0557760855003275,0.0016961491,0.24409001,0.00665357461,59.01684640738035,0.017358251,1599.2456
2542,100.0,0.0197,0.0012000001,0.34012711,1.4975177719960435,0.0051243179,0.00055,0.0010528404299999998,135.62007673756972,0.010301012,846.82507
2653,100.0,0.0197,0.0123,0.6525082,2.873816474764348,0.037577465,0.0091000004,0.00663373751,79.82031181353894,0.052507404,249.0834
2666,100.0,0.0197,0.0024000001,0.41077399,2.0596506755722124,0.035827644,0.0096100001,0.00461980221,47.76161242445911,0.081391916,91.289085
2669,100.0,0.0197,0.0093999999,0.32269752,1.8706654271227665,0.046923663,0.0011699999,0.00348386981,107.46762661557472,0.17408955,117.90639
2691,100.0,0.0197,0.0060000001,0.37314847,3.3138286583781875,0.023729436,0.00107,0.00042387883000000003,98.38312454821404,0.046620212,307.15793
2865,100.0,0.0197,0.028999999,0.24880749,2.9112328700000165,0.014610215,0.0011699999,0.00032037726,117.33128834355851,0.03564455,244.21208
3190,100.0,0.0197,0.0,0.27448061,5.5067038656498,0.018759394,0.0038300001,0.00518477989,129.514662633493,0.065757677,101.19363
3419,100.0,0.0197,0.011,0.35039708,3.058296928591605,0.075816296,0.00734,0.009156936530000001,85.23645706338102,0.14962177,38.456417
3504,100.0,0.0197,0.0,0.47604978,3.9886441395398133,0.073986232,0.00501,0.01213705536,68.27901873070249,0.21976069,19.266626
3565,100.0,0.0197,0.0,0.70712733,3.2203961185402465,0.47063839,0.00039,0.013967308400000001,88.86911576775738,0.86477309,5.8880873
3698,100.0,0.0197,0.0066249999,0.35836193,3.3541037720422477,0.081029259,0.12144,0.0029922202100000003,73.8950802721062,0.30300248,35.660477
3736,100.0,0.0197,0.0012000001,0.34367633,4.54357195033681,0.026092717,0.00156,0.0024014345600000004,68.88658284835061,0.031598981,275.96915
3897,100.0,0.0197,0.0115,0.30235437,2.560127721407822,0.097977616,0.0028299999,0.00829255224,105.95805156680451,0.26877043,29.9503
4008,100.0,0.0197,0.0046999999,0.34587443,4.5486422113947835,0.10069,0.00136,0.0159153957,195.3230772107734,0.29595342,22.484278
4379,100.0,0.0197,0.0112,0.42126533,3.990661379186285,0.036728777,0.00208,0.00423391237,54.96452026650446,0.088277295,83.353905
4441,100.0,0.0197,0.00079999998,0.50164789,5.0,0.0192584,0.0053099999,0.0,100.0,0.055541851,131.6898
4834,100.0,0.0197,0.028000001,0.16810645,5.0,0.022608973,0.00135,0.0,100.0,0.028644044,330.36279
4889,100.0,0.0197,0.014525,0.40515003,6.024457504998857,0.012067613,0.00133,0.00264554611,91.92135311368033,0.043405883,137.09256
4929,100.0,0.0197,0.0055499999,0.29621789,10.648330036138791,0.10082183,0.0051799999,0.012520868219999998,376.0449653709551,0.18656024,43.343639
5623,100.0,0.0197,0.003,0.48105186,4.062581738259621,0.3677673,0.028929999,0.00764134021,80.77612090103698,0.93594116,7.9628177
5797,100.0,0.0197,0.0060000001,0.29756099,3.949190289076952,0.22333089,0.01041,0.0160712843,84.41957413535094,0.60697305,13.230324
5861,100.0,0.0197,0.018300001,0.34618774,3.6213748420172003,0.083255321,0.0095600002,0.00588277512,95.33216995908458,0.13594154,33.355968
5937,100.0,0.0197,0.0012000001,0.53130931,4.215834814520283,0.38319644,0.048269998,0.013830430979999999,99.49315354472068,0.87219048,2.0814886
5997,100.0,0.0197,0.0132,0.30073285,2.0322888285307834,0.073819973,0.0040699998,0.001372649594,80.35303591936828,0.17014918,43.360664
6203,100.0,0.0197,0.0,0.36876798,3.223094081041058,0.096065037,0.0075300001,0.0006664281399999999,58.469211652980256,0.26854074,34.598988
6245,100.0,0.0197,0.0099999998,0.4703975,3.2013167409756402,0.3806982,0.0025299999,0.0247945336,167.63766906301092,0.53173757,17.887417
6458,100.0,0.0197,0.0063,0.22898047,3.314938465460591,0.071182385,0.0055800001,0.00275851978,81.71339846929385,0.10027085,35.573002
6517,100.0,0.0197,0.0062000002,0.7699852,6.864251245009064,0.20600139,0.00183,0.0063280264200000005,111.5733037491671,0.30595982,22.618212
6542,100.0,0.0197,0.0085500004,0.33514753,3.46149767150937,0.040844627,0.0079699997,0.008882001521,57.14347146453476,0.11225789,43.827675
6864,100.0,0.0197,0.0070500001,0.42434135,3.480736281037606,0.11048356,0.0124,0.0018291464699999999,60.854888223805176,0.24591872,36.364632
6973,100.0,0.0197,0.00039999999,0.7530117,1.6167123699999342,0.046728767,0.0074399998,0.00041802615,220.98130841121812,0.080984451,39.418587
7104,100.0,0.0197,0.0016,0.45854837,2.1083741979640394,0.21961203,0.030540001,0.011097661200000001,189.57760683805634,0.37926963,6.4085517
7184,100.0,0.0197,0.0046999999,0.28760609,3.2126186311838265,0.19997494,0.19029,0.005323962999999999,52.718184290939526,0.45887193,10.768294
7196,100.0,0.0197,0.0,0.50651181,4.272312202944108,0.023083119,0.083339997,0.012988628620000001,17.83730539335042,0.046930213,133.38617
7762,100.0,0.0197,0.0052,0.40680218,2.462123092474645,0.23253998,0.0052899998,0.000759929677,106.25499896424607,0.43683487,10.62991
7898,100.0,0.0197,0.0,0.60733593,6.676106840145271,0.93530303,0.21186,0.0045947112000000005,944.355558365982,3.1189165,0.92628479
7967,100.0,0.0197,0.0,0.47289732,4.16848122264822,0.23272476,0.01675,0.01429320498,263.9304044183722,0.4905417,5.2125311
7995,100.0,0.0197,0.0,0.54453617,4.638436075946647,0.020974815,0.019330001,0.017788740139000003,12.01226696081026,0.039128333,162.89969
8496,100.0,0.0197,0.0,0.46176273,2.1505128214173483,0.11596689,0.067100003,0.012682048009999999,80.44387909631162,0.24390335,17.466486
8800,100.0,0.0197,0.0074,0.22552741,3.349315218860423,0.049496539,0.0027900001,0.009330765940000001,77.74752116388008,0.11413226,80.451744
8802,100.0,0.0197,0.00095000002,0.82351291,2.5705792225363786,0.73130381,0.01395,0.0066439048,284.6456895363868,1.1675254,1.2039907
9093,100.0,0.0197,0.0,0.57341152,2.6487638935011213,0.46367398,0.01347,0.00478179958,164.2438798792671,0.76126683,5.6809053
9192,100.0,0.0197,0.0,0.54507494,3.0742466300011064,0.24295799,0.0012000001,0.00039312511,153.24553151456132,0.62569666,13.940607
9198,100.0,0.0197,0.0108,0.30443239,3.356164279999394,0.088020772,0.0023399999,0.0038471404,73.81684081130474,0.32162547,7.6124077
9286,100.0,0.0197,0.015,0.67038852,3.352139319652668,0.012548822,0.00171,0.00381827327,107.74495076748195,0.095825352,324.68863
9304,100.0,0.0197,0.0040000002,0.34267959,2.7857904515803495,0.016942307,0.00351,0.00622282106,149.0144402674574,0.088752382,90.872986
9387,100.0,0.0197,0.0083999997,0.42966658,5.6917853088394095,0.048356999,0.00073000003,0.00385912602,124.41714851245713,0.044893816,193.53023
9489,100.0,0.0197,0.0080000004,0.47104189,3.0281454456814894,0.12061808,0.06735,0.010968770790000002,120.70304989656802,0.24805862,26.63978
9504,100.0,0.0197,0.0040000002,0.56479555,3.7026907892514322,0.1113969,0.0027399999,0.004293673559999999,235.6854497563718,0.14650697,57.750366
9551,100.0,0.0197,0.0058333334,0.32652733,1.8156778032098824,0.062282808,0.01106,0.005486282800000001,69.438679208931,0.1624205,32.154716
9802,100.0,0.0197,0.0076000001,0.43513274,2.285242521532961,0.055996496,0.0011399999,0.006411077560000001,122.50829135967884,0.089852929,67.45472
9975,100.0,0.0197,0.0049999999,0.35550758,2.3561546928220274,0.066665329,0.00563,7.544866e-05,71.85677870118613,0.20880996,81.628036
10147,100.0,0.0197,0.0020999999,0.31714463,5.0,0.088615611,0.0027000001,0.0,100.0,0.20824903,24.366619
10404,100.0,0.0197,0.0040000002,0.46077913,2.9015980992376518,0.078072838,0.01795,0.009374098559999999,101.2453997038062,0.23750538,5.2629061
10417,100.0,0.0197,0.0027000001,0.3693383,4.5069223382097405,0.027829135,0.13393,0.00050807109,67.99547797064018,0.057213549,40.196148
10422,100.0,0.0197,0.0044999998,0.414051,3.1864044450808597,0.17218895,0.094959997,0.061553824000000014,103.03147734498047,0.64654517,9.1748161
10444,100.0,0.0197,0.00075000001,0.56515551,3.442610151907341,0.040294886,0.0066900002,0.0050774116200000005,63.22734674627672,0.13430397,20.017653
10790,100.0,0.0197,0.012,0.42454028,4.567434017562025,0.21340302,0.00333,0.01928271216,42.81827293046059,0.38796297,35.442814
10850,100.0,0.0197,0.0087619051,0.3455691,2.8842002068811223,0.08824566,0.01377,0.0039140192,104.50818209293338,0.15108122,32.091118
10908,100.0,0.0197,0.0024999999,0.5163998,2.2284931200009623,0.49973783,0.058970001,0.0032708731,140.1008827239105,0.14955318,58.186295
10945,100.0,0.0197,0.0070000002,0.39786115,3.104372361674374,0.043561909,0.0066399998,0.0050806855790000004,279.044640201726,0.093857057,27.632813
11735,100.0,0.0197,0.0105,0.30955786,2.8677566841388504,0.060869947,0.00239,0.0140370233,73.53169172526984,0.25913885,26.676233
11880,100.0,0.0197,0.0124,0.47266611,3.3000001733423625,0.039231699,0.01072,0.002054548702,69.80980664717114,0.089003563,167.3624
11945,100.0,0.0197,0.0031000001,0.28279421,5.649010700289028,0.042600803,0.0040699998,0.00338159258,127.23647563333171,0.12374584,40.020699
11950,100.0,0.0197,0.0049999999,0.5547626,2.7340440421335495,0.020336382,0.00026999999,0.0022205049069999997,96.71151433218704,0.012512991,600.59052
12087,100.0,0.0197,0.0,0.27814227,1.0206619743587941,0.09944582,0.0102,0.0012203272,23.40226582945254,0.31533289,53.047993
12191,100.0,0.0197,0.0035999999,0.4823246,3.5432254199992594,0.030423108,0.00072000001,0.001050462984,92.90278537295252,0.085498735,321.9187
12655,100.0,0.0197,0.00089999998,0.48469281,2.2112328700033514,0.016416989,0.00111,0.0023401589,55.169946332747145,0.036239006,387.21259
13072,100.0,0.0197,0.0080000004,0.28880894,2.7914828050840352,0.14804025,0.0025800001,0.00512413157,51.0009101907995,0.1614306,254.82878
13078,100.0,0.0197,0.0,0.58029389,2.205664160409152,0.3352536,0.049350001,0.010428344400000001,79.15246153393069,1.2657363,3.6784363
13122,100.0,0.0197,0.0,0.30874696,3.641207156338118,0.044451676,0.069990002,0.013533176693,42.30674598742758,0.12182175,70.314178
13314,100.0,0.0197,0.00088000001,0.49815178,4.014954060436878,0.095572904,0.0052999998,0.00497715735,102.29627022987604,0.21032916,16.440697
13346,100.0,0.0197,0.00039999999,0.46121883,2.190274169067499,0.105955,0.0092200004,0.0121333895,74.64014919098936,0.29707506,20.497231
13568,100.0,0.0197,0.0066999998,0.32334319,1.176684461332939,0.027711982,0.081560001,0.00197285289,39.26421915910656,0.087217189,73.633385
13604,100.0,0.0197,0.0,0.24610364,2.165853686455684,0.041133586,0.0048400001,0.006024265849,74.98669374708543,0.11602517,48.686398
13622,100.0,0.0197,0.0054000001,0.35385391,4.787740335934489,0.14394677,0.00184,0.0037515073799999996,105.00756958857419,0.12548386,32.531082
13869,100.0,0.0197,0.0055999998,0.30916458,3.4221608433169224,0.012393806,0.00125,0.00268083505,90.30395003984741,0.029677406,342.31647
13896,100.0,0.0197,0.0188,0.19838335,2.698752737922073,0.013167358,0.00092000002,0.001850739661,77.29796969204189,0.018784434,1035.3375
13933,100.0,0.0197,0.0146,0.27384302,4.729577639745131,0.025108118,0.0050599999,0.004564598064,41.37747241931394,0.055774637,158.59918
13990,100.0,0.0197,0.019300001,0.5065335,4.314355045290675,0.097373098,0.00351,0.00875735339,65.20990349813613,0.14972372,79.216446
14104,100.0,0.0197,0.0116,0.4197984,2.0361913692158486,0.14164135,0.0020900001,0.00472707892,79.20522895607003,0.24021393,20.307699
14161,100.0,0.0197,0.014,0.32062662,4.475273695775812,0.021598922,0.0,0.005740144106,79.59305082967084,0.030750234,281.82333
14318,100.0,0.0197,0.01035,0.2770279,4.065916153401674,0.025897808,0.00069999998,0.005840742529999999,45.859315392878266,0.057445653,300.00119
14352,100.0,0.0197,0.0048000002,0.35869768,5.285014682087906,0.22062883,0.0091800001,0.00041468092099999996,82.4204879190167,0.31013754,20.086758
14426,100.0,0.0197,0.0083999997,0.31305566,3.7215233639176883,0.02140197,0.021539999,0.00594950323,113.03041835236778,0.058835257,111.37517
14469,100.0,0.0197,0.0065000001,0.53143424,5.0,0.01482271,0.0017500001,0.0,100.0,0.041952372,138.34711
14570,100.0,0.0197,0.0035000001,0.49558052,3.308070976537999,0.039121304,0.00202,0.006511731119999999,74.74954237427333,0.10148942,156.17355
14688,100.0,0.0197,0.001,0.58983582,0.6853001780219599,0.43926772,0.0088299997,0.0018694362,176.13265092476433,0.93294299,5.3043799
15136,100.0,0.0197,0.0,0.33683729,3.797937216746352,0.071928129,0.0077,0.0102265484,49.386918029451365,0.18244849,39.621635
15150,100.0,0.0197,0.0062000002,0.52043575,2.2112328700743666,0.39280954,0.0047499998,0.00019881476,125.73435504429398,1.1731673,4.0958729
15191,100.0,0.0197,0.0,0.48881727,3.567123350000012,0.19049211,0.02565,0.0027048471,25.8981233243968,0.3128826,10.342544
15216,100.0,0.0197,0.0121,0.49556327,2.074256642709022,0.15586649,0.01256,0.0023867772,148.37822393835935,0.25559247,12.237422
15226,100.0,0.0197,0.0,0.52735543,3.3042569964520156,0.081116691,0.0027000001,0.00287497563,101.61323450754972,0.1235348,85.576088
15252,100.0,0.0197,0.0,0.41217175,3.8388390910677597,0.022898287,0.0018,0.0032118271699999998,282.1643668654707,0.096819006,53.277
15427,100.0,0.0197,0.0,0.59021401,2.6149305184035927,0.37053299,0.16021,0.0864454404,121.9058535016214,0.86876571,3.758683
15478,100.0,0.0197,0.00079999998,0.59293252,3.5540708954601934,0.21404475,0.00053000002,0.0007886939099999999,339.4795898733436,0.11709843,19.550859
15481,100.0,0.0197,0.0,0.89450097,9.583523401184136,1.6642245,0.01187,0.022179738499999997,10032.101114910507,4.5800657,0.42080501
15558,100.0,0.0197,0.0,0.36553177,5.179104752613646,0.15434606,0.00062000001,0.0086966389,62.0409134650665,0.29365936,40.622593
15624,100.0,0.0197,0.0070000002,0.51281095,3.0812322374389183,0.20512988,0.01308,0.020954099549999997,83.85725792108494,0.43356776,39.781502
15734,100.0,0.0197,0.0,0.60345393,6.909924932185203,0.30284622,0.01815,0.009299772920000001,264.70058108652273,0.67898601,5.6785717
15832,100.0,0.0197,0.0080000004,0.35788873,3.581284770216547,0.076311164,0.01086,0.01485507181,47.9556217578962,0.20424657,24.633682
15843,100.0,0.0197,0.0055999998,0.39087349,1.964431431290801,0.16136885,0.0044200001,0.009312223159999999,109.32313612874304,0.4910109,10.33847
15866,100.0,0.0197,0.0020000001,0.4421705,1.7017253012482472,0.084616378,0.0037799999,0.01100016394,59.20754906112873,0.20492479,18.858524
15928,100.0,0.0197,0.0,0.42021641,2.7262825669255655,0.015281553,0.00060999999,0.002589877741,59.46293306483798,0.040616401,122.27763
15945,100.0,0.0197,0.0015,0.38156575,5.257899101205379,0.075924002,0.19971,0.01174791059,167.34895604926314,0.38392797,5.5246301
16073,100.0,0.0197,0.022600001,0.31849012,4.780331607609018,0.049527701,0.00244,0.00153075508,34.68272124361348,0.04895933,207.78796
16250,100.0,0.0197,0.0020000001,0.27744821,4.274857424268779,0.016896741,0.00079000002,0.0057017898899999996,58.867096157650735,0.02982359,282.10187
16470,100.0,0.0197,0.0080000004,0.44063443,3.019795438125662,0.065445617,0.0040500001,0.01203074336,114.57760655145462,0.24649149,33.296726
16522,100.0,0.0197,0.0092000002,0.47996864,3.39022854137675,0.022881091,0.01317,0.002171879208,52.486052001823644,0.047251847,110.51191
16541,100.0,0.0197,0.033199999,0.21375906,2.4413247513219236,0.078294553,0.0019499999,0.007109164029999999,116.27805368253088,0.095452994,113.30479
16556,100.0,0.0197,0.0152,0.32933629,5.4576818650228365,0.060323764,0.0057600001,0.0029583173499999997,63.78510866588513,0.15814357,44.119312
16559,100.0,0.0197,0.0148,0.3127501,6.542906315615844,0.24161415,0.00129,0.010358332719999998,427.71019846455494,0.55122405,21.360012
16580,100.0,0.0197,0.0071999999,0.38649693,2.7877695359801717,0.082252733,0.00167,0.01569958638,94.80443627996844,0.38925728,12.62324
16722,100.0,0.0197,0.0,0.6499083,4.703890237439908,0.24282216,0.0041499999,0.00249010819,114.40177445177785,0.32935581,8.3583965
16868,100.0,0.0197,0.0061249998,0.37417307,1.6363340374488962,0.012430911,0.00244,0.002970437372,116.68093568875167,0.023880819,554.0578
17159,100.0,0.0197,0.0,0.54733872,2.312043781972233,0.02278861,0.00239,0.00297645402,41.591258021631994,0.096149199,45.21706
17178,100.0,0.0197,0.0070000002,0.31223202,5.1701163604681515,0.23307301,0.01733,0.00194646441,74.27654495564909,0.36943799,27.449982
17227,100.0,0.0197,0.0035999999,0.38132823,4.413374302695372,0.046983689,0.00098000001,0.00686414688,140.34574973040236,0.25264436,12.175374
17269,100.0,0.0197,0.0096000005,0.46216154,5.256198112539151,0.1016069,0.00348,0.012086199193800001,205.5640541208522,0.20912214,17.214136
17275,100.0,0.0197,0.0060000001,0.33345506,3.139452050014947,0.053893894,0.00145,0.00026104209,46.48592643758161,0.12515005,22.184164
17384,100.0,0.0197,0.0016,0.73637384,5.396584654867668,0.19343413,0.0080800001,0.0065314238,312.80377350525083,0.30403191,17.55566
17570,100.0,0.0197,0.0,0.2796964,5.461909813177453,0.0087361857,0.00266,0.0066358302300000005,36.85308412812475,0.017554685,558.22003
17703,100.0,0.0197,0.0027999999,0.58819038,1.6489062535975656,0.051399395,0.0089100003,0.00291740597,121.73769637709118,0.13784403,46.225178
17865,100.0,0.0197,0.0,1.257941,5.423561709999993,1.8582722,0.01774,0.0018930702,173.64864864864825,3.7891185,0.7739808
17876,100.0,0.0197,0.0,0.40782183,2.60794300116378,0.19471169,0.0034099999,0.018468262000000003,93.55583631747446,0.37047938,7.9302535
17907,100.0,0.0197,0.01475,0.43470356,2.9768541542674614,0.069045551,0.00348,0.00776059871,68.80916501686777,0.066145062,97.139786
17953,100.0,0.0197,0.0,0.57470912,5.0,0.82481343,0.0096100001,0.0,100.0,2.0218594,1.8837
18011,100.0,0.0197,0.0,0.49288675,3.55133976568888,0.15318577,0.0037799999,0.01736509783999999,81.95753259761621,0.40738055,10.553036
18134,100.0,0.0197,0.0,0.70115799,5.781356709387441,2.4708769,0.032310002,0.00855811544,255.40043612659053,6.4826388,0.4768728
18139,100.0,0.0197,0.0,0.30910397,2.458268499919543,0.027663773,0.00096999999,0.008523517420000001,80.70334890440024,0.094132282,65.854362
18188,100.0,0.0197,0.0024999999,0.62085027,4.552091800453666,0.28147879,0.0044999998,0.04011579117,192.14550595810672,1.1810899,11.075868
18196,100.0,0.0197,0.0077999998,0.49354422,3.3568230576718485,0.19660048,0.0042699999,0.00592506802,61.97980872567478,0.20856172,45.84362
18221,100.0,0.0197,0.0,0.36913937,2.430773301015186,0.18488191,0.02043,0.029114815500000002,38.21874491076151,0.54905373,25.569933
18297,100.0,0.0197,0.0,0.40884075,4.505959000010976,0.018117795,0.00111,0.00146169829,87.44034956101872,0.057035267,125.22181
18328,100.0,0.0197,0.0,0.35277629,3.815176376260692,0.14810476,0.0061300001,0.00637788702,85.6393949699368,0.16384195,31.616365
18372,100.0,0.0197,0.0022499999,0.41568884,4.7378387246784035,0.049485318,0.00050999998,0.001217960495,157.0200614175812,0.063445017,186.50354
18377,100.0,0.0197,0.0024000001,0.53769058,5.41544147178455,0.29588345,0.0053900001,0.022607827,246.51261437478783,0.9472689,2.6701088
18430,100.0,0.0197,0.061900001,0.28272623,3.4362974846630427,0.2717509,0.01798,0.009459077493999999,54.757709687803896,0.58529574,13.722792
18470,100.0,0.0197,0.0080000004,0.44061726,2.8716016575920524,0.19225171,0.00489,0.01575818143,80.3650336994577,0.31755826,17.3046
18475,100.0,0.0197,0.0099999998,0.37540349,6.791976625414812,0.18508488,0.00141,0.011170463509999999,178.65765952349622,0.19184926,34.777878
18560,100.0,0.0197,0.0,0.53626597,2.6155284338322637,0.021006808,0.00166,0.00137162453,137.49186636941485,0.084418319,29.944054
18607,100.0,0.0197,0.0,0.51108932,2.870382794860408,0.034879692,0.0026799999,0.00461014808,54.76990356931003,0.049448624,72.731033
18812,100.0,0.0197,0.02025,0.18588041,3.702554917176865,0.0063119703,0.00042999999,0.0011286617859999999,83.62698450455463,0.012234787,1058.5122
18816,100.0,0.0197,0.0112,0.46073949,2.1616291934801164,0.15040755,0.0023699999,0.0109187081,89.78151878468482,0.26779872,25.520222
19013,100.0,0.0197,0.0048000002,0.4264991,4.635238445888857,0.36318472,0.03709,0.047155964299999985,153.77311780628577,0.67138809,5.5590005
19062,100.0,0.0197,0.012,0.28697765,6.257808129999869,0.019817015,0.0024000001,9.4286755e-05,108.84213856374566,0.050909519,101.99094
19090,100.0,0.0197,0.0,0.45391849,3.4270651703608883,0.43158114,0.0038600001,0.02438441726,75.63343894731865,0.81150848,10.928819
19145,100.0,0.0197,0.00018,0.41111243,4.580741288437982,0.023572495,0.00033000001,0.0008809464850000001,177.4329270750458,0.047842328,75.569046
19191,100.0,0.0197,0.0,0.36855575,3.21879687062918,0.12221293,0.0053300001,0.0044259810600000005,56.984585083089975,0.31341818,24.008228
19284,100.0,0.0197,0.0039499998,0.50684875,2.920556212039325,0.11891091,0.0027399999,0.00320314901,98.73817500787347,0.16316819,57.280609
19333,100.0,0.0197,0.0,0.28634867,4.321533544061441,0.028248589,0.00039,0.00300586921,34.023630094466796,0.074932575,101.01152
19396,100.0,0.0197,0.0015,0.45056739,3.2460701632546733,0.07777787,0.00034999999,0.010336749559999999,30.520307097071903,0.15989859,83.976898
19468,100.0,0.0197,0.0,0.36524215,3.6419177900000195,0.035366688,0.00068,0.00028169149,22.280570142535623,0.078464285,90.85968
19549,100.0,0.0197,0.00079999998,0.81027102,4.814490722489116,0.18775697,0.0031099999,0.00455399196,117.76187617817384,0.22838683,20.771767
19666,100.0,0.0197,0.0,0.53706878,9.97400837721353,0.029228343,0.035700001,0.00215195301,1550.3793256165811,0.059905563,76.606735
19836,100.0,0.0197,0.0,0.6701442,6.337881378883268,0.35691097,0.060290001,0.0171633065,429.74099604331593,2.7154865,0.8506155
19856,100.0,0.0197,0.0,0.35476354,3.505753439999993,0.035805758,0.02758,0.0051135202,55.9836956521741,0.063430317,44.978802
19863,100.0,0.0197,0.017200001,0.35646456,2.92110050698291,0.0250546,0.00245,0.00760210574,63.68017569323732,0.12384439,66.618423
19940,100.0,0.0197,0.0055,0.41278595,2.8250832024133254,0.10796116,0.0185,0.0085305806,64.57514498790077,0.11530647,19.595852
19977,100.0,0.0197,0.0,0.38371173,2.428284596138505,0.085527703,0.033909999,0.00953141902,54.84819385773883,0.18202171,21.522861
20036,100.0,0.0197,0.0027999999,0.42151538,2.0003787911277806,0.074957274,0.0075500002,0.022143072240000002,66.76266168981786,0.21346565,10.221169
20055,100.0,0.0197,0.0102,0.22260052,3.4668735603364995,0.13569289,0.0029200001,0.014595625759999998,77.2996034748805,0.18350323,35.78384
20066,100.0,0.0197,0.0023000001,0.39117607,2.2752186376499455,0.10393113,0.00266,0.00109519613,148.99138350822167,0.15559758,17.575966
20074,100.0,0.0197,0.0,0.48389876,3.3776162679181625,0.33199161,0.0021500001,0.01959490878,47.60974612907293,0.36434263,28.052212
20223,100.0,0.0197,0.0053500002,0.45456997,2.8206690403484704,0.07671272,0.00085000001,0.00422622697,81.77710027599517,0.065859556,112.16328
20256,100.0,0.0197,0.0,0.53240305,2.1619618356982784,0.21399045,0.04916,0.01474477487,110.77577150018688,0.58814383,2.1143701
20432,100.0,0.0197,0.0099999998,0.29969782,3.234281115118024,0.025095847,0.021849999,0.00430756211,45.097577266809644,0.069820769,40.875607
20454,100.0,0.0197,0.0,0.57283551,1.439014738178299,0.26821074,0.039870001,0.0062660565000000005,191.4802342474588,0.86616254,2.1257391
20487,100.0,0.0197,0.0044999998,0.47902352,3.988278400261579,0.010618858,0.00112,0.000379475541,97.5353268545439,0.027275212,291.78958
20521,100.0,0.0197,0.0,0.5809204,2.7853442197309755,0.66709971,0.05576,0.013137791699999998,124.1175857024828,1.7355608,1.709512
20526,100.0,0.0197,0.0016,0.7323525,2.0921377158463885,0.20640129,0.0035600001,0.00190940452,178.15395838618892,0.24464425,30.149181
20544,100.0,0.0197,0.0138,0.33277357,2.667620170621201,0.020173792,0.0024300001,0.0007043055699999999,85.10364152788945,0.033257592,349.27106
20548,100.0,0.0197,0.0065000001,0.55296338,5.26506874229898,0.058933884,0.00173,0.0058302812499999995,64.93672490567627,0.11898041,56.497414
20583,100.0,0.0197,0.0,0.50550038,2.3122092068945586,0.13196376,0.00422,0.00590579483,132.4088491976328,0.58426625,10.889308
20657,100.0,0.0197,0.0,0.38485858,4.518393801187767,0.11495585,0.018859999,0.0047759639,115.96080188313766,0.39215332,2.5577037
20826,100.0,0.0197,0.0,0.81171882,4.278629950042364,0.85600722,0.1024,0.0033519552,19.19770773613526,1.7910559,2.1864851
20831,100.0,0.0197,0.00345,0.55894357,1.945040541424771,0.10786128,0.01317,0.003506858,33.40668995479622,0.28526488,8.3869953
20851,100.0,0.0197,0.0,0.5104202,3.3491336730686965,0.22187266,0.00034,0.025615731000000003,101.36770311630443,0.66897655,2.6648664
20938,100.0,0.0197,0.0,0.41197905,4.393358504428236,0.070022427,0.00069999998,0.0040593038199999995,50.790222071061386,0.15357487,48.339912
21042,100.0,0.0197,0.0060999999,0.40203282,5.0,0.011724436,0.00019000001,0.0,100.0,0.0085118897,2201.0742
21057,100.0,0.0197,0.0027999999,0.37134978,3.282627378173848,0.0080274213,0.0020699999,0.00132993704,69.8423563841246,0.052775294,109.89806
21105,100.0,0.0197,0.032499999,0.25560611,4.455978949063615,0.06814073,0.00063000002,0.00372092199,98.00705015390866,0.13023368,298.63846
21121,100.0,0.0197,0.00050000002,0.76599383,5.016267086082435,0.11892864,0.0028899999,0.021428411849,66.28887028469845,0.25389016,26.043112
21144,100.0,0.0197,0.0080000004,0.46785483,4.096617441931534,0.046687927,0.00139,0.0034261136,73.67486718562127,0.11971462,216.58748
21386,100.0,0.0197,0.015799999,0.52020389,4.206417516429518,0.012914715,0.0014900001,0.00271313266,62.730216968837496,0.024592675,182.29321
21417,100.0,0.0197,0.0080000004,0.38430113,4.089016506243555,0.030231226,0.00297,0.004378214623000001,51.79830819349669,0.060378905,180.9863
21446,100.0,0.0197,0.0166,0.34776303,2.8132626952601725,0.028064404,0.00089000002,0.00117072675,77.1058980268531,0.032694194,195.44099
21573,100.0,0.0197,0.0020000001,0.71063679,4.6898193024309345,0.85130042,0.0052200002,0.00251315687,466.2988192559112,1.7032477,6.1009798
21662,100.0,0.0197,0.0067500002,0.42357442,2.7717006315316834,0.034015879,0.0072599999,0.00840058218,56.692281040553034,0.062336318,165.9019
21765,100.0,0.0197,0.0071999999,0.27334929,5.550404899052352,0.031086192,0.0012000001,0.00021650647599999999,47.14017221389266,0.043877702,329.4765
21873,100.0,0.0197,0.0,0.4686332,3.567365592083822,0.10357124,0.0037400001,0.00701281917,120.95391760247801,0.36163953,6.6780505
21876,100.0,0.0197,0.0020000001,0.40712503,2.3382779771894175,0.04794009,0.01403,0.03383908013,70.55117964134087,0.14683565,9.59095
22036,100.0,0.0197,0.0083999997,0.38837618,3.9651423329571727,0.087119587,0.00141,0.009744861780000003,61.82119788615554,0.095824108,31.240528
22078,100.0,0.0197,0.0,1.0831832,10.800555964812242,0.31587219,0.0031699999,0.00762667223,87734.20424204487,0.91868341,1.4927874
22237,100.0,0.0197,0.002625,0.43345046,5.133669075209327,0.35383913,0.01161,0.009048810380000001,378.9451997632233,0.67937046,4.9597678
22351,100.0,0.0197,0.0,0.65671253,2.31573209087031,0.085642189,0.0,0.00451649415,134.09865469037976,0.19451383,14.873604
22395,100.0,0.0197,0.0,0.3546204,4.169089500366335,0.13960752,0.01263,0.01441923816,79.11958771436784,0.31816408,17.715321
22558,100.0,0.0197,0.0,0.44976348,1.993814561429879,0.095894836,0.0040600002,0.00907693846,100.07606899083795,0.19314067,18.283569
22583,100.0,0.0197,0.0027000001,0.57423252,3.025989686544318,0.075489685,0.0030400001,0.011605267519999999,48.180418214397214,0.21132419,23.299408
22810,100.0,0.0197,0.00079999998,0.290167,3.3799222122542276,0.060906041,0.0078499997,0.008682475620000001,63.148444646257765,0.17763594,37.830368
22839,100.0,0.0197,0.0027999999,0.68803579,4.168500052710291,0.15584265,0.01344,0.00715056664,39.80416046735794,0.66979897,5.3292279
22941,100.0,0.0197,0.0093999999,0.29640689,4.048950305872152,0.034885172,0.00129,0.00164168858,127.90567703039835,0.094928682,72.519234
22967,100.0,0.0197,0.0,0.40892246,1.9340088369999024,0.58572245,0.0038300001,0.0030243964799999998,70.26361882153866,0.21838839,9.597003
23066,100.0,0.0197,0.014,0.49934989,6.405479709945831,0.13315162,0.01331,0.010041102,89.95144606288348,0.37975639,35.382076
23094,100.0,0.0197,0.0,0.47717562,2.7184383792843,0.066200502,0.0037,0.00187882216,91.95343893678002,0.13677101,21.878534
23166,100.0,0.0197,0.0,0.71738732,7.252261617207908,0.36487252,0.01508,0.0101399571,1240.3868879481756,0.5395574,4.3501248
23199,100.0,0.0197,0.0096000005,0.30685365,3.134015010521753,0.037980311,0.00138,0.007520516499999999,72.40653662511241,0.11577155,74.120827
23291,100.0,0.0197,0.0,0.45189646,3.075434399111995,0.051597096,0.00382,0.004937977452,142.52988925848712,0.11525253,52.605091
23304,100.0,0.0197,0.0,0.55096865,4.588943346653345,0.30236292,0.12225,0.0027185271700000003,79.17556753875354,0.65271211,1.6858218
23344,100.0,0.0197,0.016799999,0.38095143,3.1784151971642367,0.062130097,0.00124,0.00393001494,85.54105539129364,0.071397454,71.691711
23358,100.0,0.0197,0.0031999999,0.36148134,3.6971813958263477,0.32720596,0.00163,0.009502907250000001,100.60715052430261,0.55514091,15.357874
23364,100.0,0.0197,0.0,0.36115354,2.3866811211159797,0.55219203,0.0050900001,0.0270693394,91.58458899197092,0.40364537,12.145769
23492,100.0,0.0197,0.0116,0.20441782,5.573660696902905,0.024001826,0.00076000002,0.001544938181,85.23719740789001,0.041669946,452.55331
23503,100.0,0.0197,0.0112,0.34474635,4.420138650627736,0.017658506,0.00095999998,0.0013734092,78.18382862151854,0.023894353,466.00366
23521,100.0,0.0197,0.02,0.26438129,4.171625487848777,0.029286247,0.00052,0.00356670553,63.15781026617957,0.034209717,325.20441
23604,100.0,0.0197,0.0026,0.29619467,2.740569214875321,0.071965337,0.00023999999,0.004436006069999999,115.70982812616411,0.21663733,20.11945
23705,100.0,0.0197,0.0020000001,0.62447655,5.598990476354603,0.1509199,0.00158,0.0024475573599999994,832.7931496355046,0.2295991,34.411015
23730,100.0,0.0197,0.0072499998,0.24010809,4.169680058052954,0.029432913,0.0011699999,0.0046132779100000005,61.27465910058459,0.041460522,210.60086
23837,100.0,0.0197,0.0012000001,0.49608943,3.0206851892710223,0.025500944,0.0068799998,0.0011335604,28.98789238948326,0.046997141,104.57437
23847,100.0,0.0197,0.0034,0.47602108,4.127089589150468,0.2982311,0.0089600002,0.01428937554,81.1733453464887,0.51826203,12.153779
24014,100.0,0.0197,0.0,0.45119771,4.633073313405849,0.18107979,0.01055,0.00333416498,132.80323065835697,0.44650376,6.6484003
24028,100.0,0.0197,0.0092000002,0.55123156,2.905018655008068,0.15364194,0.00312,0.00732955336,149.41432477494274,0.3713851,13.571789
24047,100.0,0.0197,0.0,0.59043545,2.0448697089807686,0.057913966,0.0028899999,0.01180696371,51.038092748636124,0.15521629,22.168037
24542,100.0,0.0197,0.0,0.68827444,2.7592395248644768,0.5499019,0.0057899999,0.011553741097000001,101.87420101482213,0.87735105,14.917617
24577,100.0,0.0197,0.00030000001,0.5213564,2.224801785442975,0.38183904,0.02506,0.014150688299999999,129.31481144758447,1.3272314,1.3330801
24640,100.0,0.0197,0.0,0.4606753,3.1251459928058085,0.06937281,0.0,0.00254253961,79.05488007611699,0.3237913,8.0884142
24684,100.0,0.0197,0.0,0.48636228,1.4773593464420456,0.14381242,0.02358,0.0039486676,34.98743865416896,0.2147958,18.940569
24817,100.0,0.0197,0.00019999999,0.68503112,2.1155672638563785,0.17738017,0.0027300001,0.0017367180000000002,121.48676865959833,0.28151804,16.64465
24887,100.0,0.0197,0.0,0.49657524,4.350768689242384,1.4361243,0.02039,0.0383111864,140.44763115588506,3.0863683,0.41408601
24901,100.0,0.0197,0.0044,0.32343027,3.930788385635149,0.036857352,0.01065,0.0055705256,44.126791278405626,0.089842051,109.68517
25016,100.0,0.0197,0.0137,0.32734746,3.0481166761878975,0.048185594,0.00082000002,0.005911942,64.94537052800301,0.070042744,497.20624
25100,100.0,0.0197,0.0068000001,0.66756082,3.6927326242927454,0.051024061,0.00057999999,0.002172585108,314.8260111869176,0.11204901,38.633636
25117,100.0,0.0197,0.003,0.4658252,3.301248766245829,0.053142276,0.00192,0.002290606027,53.45398960420216,0.058387976,188.86783
25130,100.0,0.0197,0.0048000002,0.59704924,2.6347750883047674,0.046152327,0.0044800001,0.018565049610000002,109.52039422971359,0.10153022,39.384472
25139,100.0,0.0197,0.0,0.29294518,4.346827312678988,0.025413198,0.00096999999,0.00522795711,104.10332966298074,0.040416598,115.65644
25169,100.0,0.0197,0.0,0.56174248,4.382261897255975,0.064984277,0.0032299999,0.00728027151,166.4363083154521,0.097925,70.15535
25311,100.0,0.0197,0.0038999999,0.40244377,3.0572564931547572,0.12098087,0.0064300001,0.011244203599999999,173.06023609430923,0.27135724,42.960464
25414,100.0,0.0197,0.003,0.56781834,5.339587997219863,0.082899913,0.0019799999,0.0069084288539999995,150.2786995974935,0.091759339,59.492859
25457,100.0,0.0197,0.0,0.43529561,2.8591346692725805,0.024487533,0.00092999998,0.00763363021,88.14387380564091,0.063223906,87.285599
25526,100.0,0.0197,0.007699402,0.52791029,4.5794410083367145,0.035926167,0.0042500002,0.00746959888,48.89941007376251,0.10980677,59.482574
25577,100.0,0.0197,0.0,0.68651938,3.6468783600383823,0.070008144,0.00094,0.01009163701,96.56194333039927,0.23893975,7.7575116
25661,100.0,0.0197,0.0,0.68809891,1.5614565529517475,0.19323578,0.0076700002,0.0028583643,169.49623521393653,0.70319986,16.35899
25708,100.0,0.0197,0.0024000001,0.34741831,2.7506174855088936,0.044380013,0.0067199999,0.011804250669999999,88.96210583612414,0.17736225,32.539852
25865,100.0,0.0197,0.0,0.25432605,5.55375306625918,0.0062162629,0.0043299999,0.006934676887,56.57972775625796,0.031559087,80.20961
26041,100.0,0.0197,0.0,1.2452408,2.4235124079667933,0.20552304,0.0051699998,0.00393808361,151.95536471279073,0.46108499,6.1382604
26072,100.0,0.0197,0.0,0.67444563,3.533254053697575,0.24292402,0.0069900001,0.016598317600000002,59.66970686973993,0.46837577,12.3481
26088,100.0,0.0197,0.0019,0.41091287,3.756615068880353,0.22175169,0.0052999998,0.009910656019999999,55.60805890791299,0.33335975,29.374838
26267,100.0,0.0197,0.0,0.64515138,3.106252129720586,0.3482137,0.017270001,0.00540414857,279.77317904617547,1.1327693,1.483296
26286,100.0,0.0197,0.0046999999,0.7676,5.360463302120705,0.098247021,0.0077900002,0.00107923956,70.37189598231127,0.19979852,18.45376
26336,100.0,0.0197,0.0,0.29673377,2.576618549326014,0.03397081,0.0068399999,0.01174506492,47.69370032572792,0.087150693,50.583424
26366,100.0,0.0197,0.0,0.82730162,7.862746753489315,1.5089899,0.01957,0.02030514908,2413.3028383182154,4.5759678,0.57236964
26462,100.0,0.0197,0.0024000001,0.55733854,5.825595210862082,0.19640246,0.00333,0.00478148184,374.2840161090364,0.25847542,13.191831
26490,100.0,0.0197,0.0024000001,0.43924722,3.802558057194041,0.055181146,0.00076999998,0.00731917482,122.06248900380456,0.25849491,19.649845
26576,100.0,0.0197,0.0080000004,0.41443008,3.707435211751628,0.053767055,0.0049999999,0.00113557707,42.13875345666694,0.06814152,126.17135
26627,100.0,0.0197,0.0070000002,0.54442805,5.416263729716688,0.051815324,0.00361,0.00088684267,57.67498767819703,0.099781722,66.193253
26632,100.0,0.0197,0.0,0.38384855,2.4641154656197286,0.14096807,0.00593,0.04551718390000001,89.29513196466135,0.43896237,8.1588049
26655,100.0,0.0197,0.0027999999,0.92792934,4.075306314140115,0.025289001,0.00091,0.00160764134,393.64263906227757,0.056661475,134.0871
26664,100.0,0.0197,0.0,0.58151448,2.3144643042131996,0.095695406,0.00039,0.003740568775,114.60047332817963,0.25586396,24.177275
26893,100.0,0.0197,0.0089999996,0.50799936,5.9165924241269865,0.025028177,0.00053999998,0.002638183452,126.3660709416419,0.035666551,387.69971
27050,100.0,0.0197,0.0027999999,0.59596342,3.9506977647152426,0.48967922,0.0057600001,0.020721077848,72.64926893936865,0.742544,5.1138825
27079,100.0,0.0197,0.0104,0.44499844,3.142181740083073,0.098178677,0.00056000001,0.0094013128,60.103364624480115,0.12822798,84.780792
27110,100.0,0.0197,0.003,0.4832992,3.3538018094827797,0.17983373,0.0062199999,0.0028672301,72.03677404257182,0.31594318,8.9411983
27299,100.0,0.0197,0.01125,0.28660035,2.1368170904508084,0.086534478,0.0019799999,0.018558319979999998,90.06902198238733,0.29963997,17.26758
27368,100.0,0.0197,0.00205,0.28709781,3.6435928163980407,0.036856573,0.00081,0.007822473613000001,79.82865043227739,0.090141237,56.365032
27377,100.0,0.0197,0.0136,0.24308571,2.5238186131329337,0.0086631747,0.0013,0.0017092729300000001,76.96763916974565,0.046676513,156.51952
27441,100.0,0.0197,0.0012000001,0.50975615,1.8803538053988527,0.37500101,0.0073299999,0.00162616433,54.334656342670726,0.51148134,3.1342928
27487,100.0,0.0197,0.0024000001,0.33622664,1.9743505109220276,0.09938921,0.0548,0.012698313079999999,107.55122128361275,0.18340597,11.66523
27509,100.0,0.0197,0.036499489,0.41689417,3.344033422190175,0.012096701,0.00021,0.0020331716600000002,50.76823914679801,0.058926836,248.82817
27559,100.0,0.0197,0.0052999998,0.32714191,3.0985386919898112,0.0071054096,0.00069999998,0.00042560396,63.788229125693874,0.019422609,429.51413
27632,100.0,0.0197,0.0,0.63044751,6.232114614249756,0.045014389,0.0024699999,0.00261886813,13.680813424205557,0.081846885,42.146969
27658,100.0,0.0197,0.0,0.36828944,3.5072491265045147,0.0045649409,0.00091,0.00162423757,35.7568507521414,0.014353858,222.88722
27728,100.0,0.0197,0.0018,0.58245534,1.328788732554337,0.13548093,0.0027600001,0.00177898964,127.89823265099292,0.24385709,13.526886
27741,100.0,0.0197,0.0,0.74802291,2.685745588457762,0.15090019,0.0036599999,0.004651567949999999,50.39014532888552,0.33717769,10.651259
27805,100.0,0.0197,0.0,0.57509232,1.8848501547895027,0.055393301,0.0048000002,0.000736633841,340.75849472863837,0.13256089,16.073658
27901,100.0,0.0197,0.0,0.69442505,3.6956162599817937,0.90283424,0.0076000001,0.0032080102,78.8177339907547,1.5327979,1.0339805
27957,100.0,0.0197,0.0,0.85651731,2.707227286987715,0.18566337,0.00556,0.00164483343,145.2240855376241,0.37173322,9.4712057
28013,100.0,0.0197,0.0134,0.25570416,5.0,0.077116482,0.00098000001,0.0,100.0,0.12908426,90.961922
28084,100.0,0.0197,0.00079999998,0.51362371,7.518809301259391,0.41493875,0.01682,0.02952842765,665.5783693944875,0.79056597,3.2594185
28121,100.0,0.0197,0.0048000002,0.47354019,2.924815490007196,0.10668454,0.0017,0.0035238035099999995,86.57641424425444,0.29760033,26.397676
28173,100.0,0.0197,0.0,0.48603994,2.592244874158845,0.17491506,0.0036800001,0.00629847074,235.01283799428856,0.47611919,6.4545846
28222,100.0,0.0197,0.001775,0.50360477,4.071693837966982,0.090485103,0.0043899999,0.00432142868,37.98412357544942,0.21024022,25.241646
28263,100.0,0.0197,0.0051000002,0.44444287,3.111857821568133,0.099599868,0.00105,0.01134318614082,59.5001694045646,0.16168261,77.844627
28290,100.0,0.0197,0.0,1.0541373,4.398996791771923,0.82310092,0.0078299996,0.0041440042,766.5474970410387,2.7041276,4.09266
28313,100.0,0.0197,0.0,0.37620565,2.1250750115260204,0.12321111,0.00242,0.0035754030879999996,78.38829847520934,0.25837725,16.904612
28321,100.0,0.0197,0.0,0.88219643,8.7162720223072,0.66119957,0.02004,0.016829140200000002,1034.1465057966032,0.90490991,4.6814065
28415,100.0,0.0197,0.0,0.94965261,5.07877332170478,0.15587454,0.0053300001,0.0055415864,51.17684147134642,0.36896348,21.218103
28491,100.0,0.0197,0.017200001,0.20894843,4.7285344253469725,0.0050388952,0.00017,0.00018715193990000002,89.44136055632165,0.0087057175,1914.7279
28583,100.0,0.0197,0.01265,0.2535972,3.487449650368716,0.01980013,0.00076999998,0.0045968823399999996,67.48336266000777,0.03118222,366.21536
28619,100.0,0.0197,0.0,0.62941873,4.5062653429844435,0.29242775,0.0051099998,0.006036183780000001,83.86661559431319,0.97786051,5.3364601
28632,100.0,0.0197,0.0040000002,0.51090413,4.716718433243869,0.14837635,0.00236,0.01248943175,163.86836066687852,0.22247018,15.570575
28681,100.0,0.0197,0.011,0.55587536,4.225088196986262,0.072657488,0.017139999,0.007125830289999999,137.6985642504989,0.11051057,32.486465
28691,100.0,0.0197,0.055,0.43236792,2.8613699100000245,0.026501218,0.00765,0.0021488701,81.15717672101006,0.097382173,350.44992
28696,100.0,0.0197,0.056000002,0.4128392,2.3374437656294345,0.013765463,0.001,0.0007376624300000001,107.75400111776693,0.04131132,168.13928
28727,100.0,0.0197,0.0164,0.38085431,2.8792777748186618,0.051713593,0.0019700001,0.0034651940199999995,60.750521982856455,0.093930334,124.36724
28822,100.0,0.0197,0.0034,0.52960223,3.7946082053063304,0.047124155,0.00106,0.00222558552,146.57156106979724,0.13759714,71.417511
28857,100.0,0.0197,0.0080000004,0.54473054,2.21825612714391,0.0010272666,0.00154,0.00023659164999999998,86.33887884560494,0.01079527,1671.4385
28867,100.0,0.0197,0.0,0.49620214,2.208788007927062,0.12479436,0.0033400001,0.00195878306,72.07587365251577,0.1597032,47.645912
28958,100.0,0.0197,0.0,0.59790611,1.6177272631153994,0.40873677,0.01267,0.007460711199999999,216.5372627356805,1.5599597,5.7654371
29061,100.0,0.0197,0.0068000001,0.45213351,3.7513075065889434,0.032176845,0.00033000001,0.00605476589,46.632407198305415,0.085079871,74.849075
29181,100.0,0.0197,0.0052,0.48422447,3.626575330000399,0.35655251,0.0072499998,0.0031085361,221.42857142856877,1.396446,2.7458844
29191,100.0,0.0197,0.0104,0.44557455,8.7543534822188,0.07027135,0.0040899999,0.00905072054,330.9139517649531,0.39017883,16.21796
29193,100.0,0.0197,0.0,0.68907237,4.710355035155459,0.30425495,0.0056699999,0.0411701619,412.3144391169113,0.69678479,1.7092935
29214,100.0,0.0197,0.0035000001,0.5819,2.245383275612968,0.15234429,0.0030199999,0.009963136499999999,73.50647817514252,0.32179374,225.32564
29253,100.0,0.0197,0.0048000002,0.61867708,3.8888340008633056,1.7719057,0.0,0.00199860559,349.5822928816142,4.7372875,0.85199398
29307,100.0,0.0197,0.0,0.34391448,2.136438430000382,0.085318983,0.00188,0.00019112176,25.73748757043437,0.20692135,11.839311
29396,100.0,0.0197,0.0,0.3215785,3.2998539897716124,0.21355031,0.0046199998,0.019599848198,93.68110452572255,0.53137064,5.5069504
29496,100.0,0.0197,0.0,0.38625672,4.300897656281644,0.039487649,0.01146,0.00337009233,39.40052978052959,0.11934759,43.100033
29526,100.0,0.0197,0.0137,0.23293996,4.5514405544118794,0.030938074,0.001,0.002389967134,115.52362130753085,0.044252269,154.81061
29609,100.0,0.0197,0.0,1.3007145,5.0,0.39285204,0.0097099999,0.0,100.0,2.2407277,2.807375
29646,100.0,0.0197,0.0122,0.44421062,2.8501467517824026,0.02121032,0.00034,0.0021114050930000003,58.721026599958854,0.028978217,304.41739
29688,100.0,0.0197,0.0060000001,0.45024076,2.007400985350947,0.09900251,0.0045400001,0.0065373043,138.01023914906744,0.20448703,15.928525
29706,100.0,0.0197,0.006325,0.39949873,5.322991499436187,0.067089908,0.037829999,0.004642631566999999,33.550664304000186,0.18983769,15.808712
29722,100.0,0.0197,0.020499794,0.70255136,3.628493260000074,0.057812568,0.0015,0.00075108331,97.13550600343665,0.13133425,79.647125
29739,100.0,0.0197,0.0241,0.30564463,4.433972619875098,0.043163229,0.00059000001,0.00062874472,84.6812799190062,0.15572377,21.794176
29744,100.0,0.0197,0.0,1.3807925,10.365516987322026,0.40126339,0.020710001,0.016862428701,14538.903669018022,1.3124354,2.2815711
29748,100.0,0.0197,0.0,0.51005673,3.974473657742731,0.060138177,0.0087400004,0.014282066760999999,61.44189731766209,0.21370892,15.11825
29763,100.0,0.0197,0.0080000004,0.40473628,3.6145797889600004,0.12349714,0.24419001,0.014838279000000001,36.86908861203709,0.52249467,102.69328
29885,100.0,0.0197,0.0,0.81397474,3.0403924435183978,0.36959183,0.023870001,0.01758307657,184.9010721685327,0.56219381,5.6810699
29980,100.0,0.0197,0.0024000001,0.52183479,3.6084003246596743,0.083504453,0.00223,0.0064884625974,101.26223706353501,0.29173863,47.53896
29993,100.0,0.0197,0.0,0.21925735,5.5994157254398145,0.019105084,0.00057999999,0.005604029662100001,31.789356242919684,0.047226895,131.38744
30005,100.0,0.0197,0.0,0.39358106,3.2999093211130544,0.062555671,0.0041100001,0.01996453567,29.22374428190231,0.15492737,21.672104
30027,100.0,0.0197,0.0,0.422838,4.682426888000066,0.11895274,0.01087,0.01219918052,116.3684001481036,0.3640191,20.194248
30035,100.0,0.0197,0.0188,0.33203635,5.0,0.079137504,0.00342,0.0,100.0,0.18094297,33.298649
30077,100.0,0.0197,0.0060000001,0.44919235,3.853640961933523,0.1060098,0.0026499999,0.007473207270000001,54.6453757760771,0.24326283,23.725212
30090,100.0,0.0197,0.0,0.94858485,1.9158904800000052,1.9171668,0.032140002,0.011669178,581.4814814814835,7.7276516,0.2776545
30189,100.0,0.0197,0.0060000001,0.47203895,3.124830031871373,0.11244874,0.00098000001,0.001991199943,157.5016845473854,0.23702367,5.5095768
30206,100.0,0.0197,0.0035999999,0.41913784,2.2242159184851125,0.018892381,0.00157,0.00578717944,71.13055006675069,0.031043923,172.0278
30224,100.0,0.0197,0.016799999,0.33787769,4.76658074598174,0.035118982,0.00042,0.0016184328798,97.11374881136175,0.042914849,568.2724
30276,100.0,0.0197,0.0,0.45634305,2.7964336062237374,0.13023259,0.0016,0.0059825266,78.38564019100646,0.22701016,40.742519
30283,100.0,0.0197,0.0099999998,0.37104842,4.132679360048374,0.017765168,0.00069999998,0.000836848172,102.15898906784997,0.033606671,228.26933
30333,100.0,0.0197,0.0,0.66834873,3.031217010580404,0.093686722,0.0095199998,0.0125968039,43.44325150566336,0.26883239,58.917686
30390,100.0,0.0197,0.0112,0.34676909,6.25607670355771,0.10803735,0.0035399999,0.00439198663,121.84336722646758,0.27385914,19.351336
30569,100.0,0.0197,0.0063999998,0.38033089,4.63061816564657,0.090744808,0.0020399999,0.0025772972999999998,81.07547313829349,0.26999885,16.609997
30590,100.0,0.0197,0.0,0.26006609,3.6633989894781083,0.019030549,0.00083999999,0.00803565956,57.8129864292897,0.057456464,105.42603
30595,100.0,0.0197,0.0,0.37383935,2.1319310947536216,0.072370648,0.0078099999,0.020479440760000002,53.52919240318529,0.19988139,17.234833
30608,100.0,0.0197,0.0063999998,0.27157485,4.021457618802227,0.09860532,0.0041999999,0.00523976976,65.11967082277691,0.15958767,64.726433
30626,100.0,0.0197,0.0,0.49644443,3.465051513879269,0.28835714,0.0082599996,0.011353624449999999,167.73512307066386,1.0093381,7.188138
30678,100.0,0.0197,0.0052,0.48436567,1.3045456422204111,0.056527987,0.0059699998,0.00026057952,174.87369374101425,0.10418523,10.58458
30821,100.0,0.0197,0.0,0.5119831,2.6066063917008973,0.053749278,0.00115,0.007487828640000001,71.71251768672975,0.10750388,38.948208
30854,100.0,0.0197,0.0,0.55808753,3.2642894604764003,0.13289453,0.03015,0.013219664719999998,114.65242857330846,0.46569639,7.9829092
30881,100.0,0.0197,0.0063999998,0.35472026,4.125363891345588,0.05851794,0.00079000002,0.001624131884,191.38843065844037,0.15591259,27.962845
30889,100.0,0.0197,0.0,0.67175627,5.075904399365352,0.096095823,0.034170002,0.0031727918099999997,390.42151601569753,0.69323021,4.9463129
30914,100.0,0.0197,0.0,0.92020053,4.623369742059731,0.43154785,0.086350001,0.0062587098300000005,105.44943118360813,1.1681184,5.1528192
30930,100.0,0.0197,0.0,0.22511877,4.373593382529893,0.026273051,0.00115,0.007769196560000001,84.45718749374879,0.085176997,81.94252
30961,100.0,0.0197,0.0060000001,0.27118719,1.9708978435348967,0.021070316,0.0025800001,0.004151666,48.89188050667591,0.055044435,177.21072
30983,100.0,0.0197,0.0020000001,0.5454309,3.5430606819741035,0.10920154,0.0032500001,0.0208188901,55.56230785856635,0.26037246,19.868034
31010,100.0,0.0197,0.0,0.38168499,2.2265753300104754,0.096479535,0.0085300002,0.0038865858,54.3390357698345,0.50410378,18.612923
31059,100.0,0.0197,0.0,0.84608972,20.453570694860527,0.72663593,0.027589999,0.02774111002,118433.89243934966,1.4636136,1.8252662
31101,100.0,0.0197,9.9999997e-05,1.1304184,3.888691063794038,0.37819877,0.0038300001,0.0021609972600000003,194.8358384062313,0.74848574,8.1655264
31222,100.0,0.0197,0.0,0.56554443,5.546301530002033,0.40275869,0.030540001,0.0059245215,103.80622837354612,1.3960001,7.3170466
31464,100.0,0.0197,0.0042500002,0.56511474,3.600995649770834,0.10111342,0.00315,0.00442870144,118.86365435485399,0.13448794,73.117699
31495,100.0,0.0197,0.0,1.7852032,4.259451980003069,1.8558702,0.01221,0.00067802949,453.7671232885417,4.0417361,0.31865376
31514,100.0,0.0197,0.0063499999,0.57591087,3.1845103750605537,0.10261961,0.0032299999,0.0074834288499999995,48.97089317995636,0.17924941,40.377625
31533,100.0,0.0197,0.0,0.56326324,3.744544375619514,0.22359015,0.0,0.01980653709,234.3839020866402,1.3325487,1.8399738
31535,100.0,0.0197,0.0176,0.37320405,2.7055217065791326,0.052528158,0.0012300001,0.0027207330000000004,70.02095140647604,0.15036073,15.780393
31563,100.0,0.0197,0.0,0.49235642,5.872328630000017,0.21003926,0.00034,0.0069811344,49.80158730158725,0.57075447,3.8603878
31573,100.0,0.0197,0.0040000002,0.48581889,5.6901368999147435,0.41575336,0.0276,0.0036593005,126.11806797703433,0.98808974,5.0920429
31580,100.0,0.0197,0.0,0.49390694,1.9430521142826247,0.3442038,0.01144,0.012990237610000002,193.5652060849136,0.77709168,3.4100671
31699,100.0,0.0197,0.0062000002,0.33336583,4.335387664411886,0.0085737631,0.00139,0.0020163127000000004,98.92898164201218,0.058417395,194.40869
31719,100.0,0.0197,0.0,1.0394217,4.166601002886312,1.2575343,0.00079999998,0.008158265540000001,955.4990850551696,1.16559,3.6172884
31795,100.0,0.0197,0.0,0.56527668,2.8658249252421086,0.28362736,0.0036500001,0.01657766927,123.69617434776114,0.53686291,5.1266985
31873,100.0,0.0197,0.0,0.623393,0.6471319055048292,0.94864666,0.0022100001,0.01864399558,214.2209281806971,2.1979439,1.0723962
31989,100.0,0.0197,0.0077999998,0.541444,3.0973146022700075,0.14816956,0.00489,0.01142714388,101.4871625434768,0.34363717,8.4863253
32350,100.0,0.0197,0.0,0.88054174,6.680940819930632,0.10486387,0.00069999998,0.01907859541,572.7126169081984,0.4645209,14.090287
32403,100.0,0.0197,0.0098999999,0.1788768,5.061336433324074,0.0016858961,0.00122,0.00080302995,75.63192551288535,0.0029004903,449.30765
32416,100.0,0.0197,0.0,0.50089127,4.807637444737395,0.013684062,0.00152,0.003771783533,46.53751263479727,0.041870125,484.56439
32509,100.0,0.0197,0.0070000002,0.41477641,4.779319604575562,0.21443091,0.00452,0.0035542636939999996,246.572324376861,0.2841827,27.311674
32605,100.0,0.0197,0.0,0.64998502,2.4467252894008817,0.22193964,0.0058400002,0.0017784290999999998,124.94362465635848,0.58235025,11.719538
32628,100.0,0.0197,0.0080000004,0.36303896,2.2518520764970242,0.064229652,0.0020900001,0.0099227268786,65.15724531639182,0.17748447,238.58269
32771,100.0,0.0197,0.0016,0.61553866,5.0,0.36332709,0.0032599999,0.0,100.0,0.56083488,18.189114
32810,100.0,0.0197,0.0,1.2098306,4.986744180038423,0.19623852,0.0023099999,0.0009473882699999999,17179.29156954935,0.38030642,4.0048256
32854,100.0,0.0197,0.0,0.46499783,7.447842255438404,0.29271349,0.0076199998,0.0032820676,692.1394154410098,1.5979282,3.4163101
32880,100.0,0.0197,0.0063999998,0.42796502,2.366575329999839,0.34715533,0.0034700001,0.00046269459,161.3812544045121,0.40149564,15.559194
32936,100.0,0.0197,0.0070000002,0.42933443,4.3155006236727775,0.047531784,0.00079000002,0.00477018321,84.74009380123421,0.12888846,29.139912
33011,100.0,0.0197,0.0,0.5571155,2.10293196367214,0.12316438,0.023700001,0.005415584029999999,63.563022364202396,0.28105423,12.159108
33044,100.0,0.0197,0.0,0.51041609,1.6494600058293152,0.10503907,0.00358,0.006871184689999999,94.51538926216897,0.23992863,34.995533
33059,100.0,0.0197,0.0,0.57779956,2.1915186266257827,0.52918506,0.01699,0.012061921350000001,127.99042583137741,0.46603167,28.033651
33154,100.0,0.0197,0.0,0.34190345,5.0,0.094762072,0.00327,0.0,100.0,0.3645601,19.224127
33226,100.0,0.0197,0.0,0.42471355,2.5694431153688404,0.1761919,0.0057299999,0.043740626399999996,264.164956306172,0.5698064,5.4871936
33260,100.0,0.0197,0.0,0.62749571,2.7927738168884773,0.37351605,0.17278001,0.033236391,139.8158399564897,0.77383995,1.7616378
33341,100.0,0.0197,0.0,0.65740305,3.274790265744369,0.359983,0.00072000001,0.0276960138,55.52062422349217,0.90935946,2.3277876
33385,100.0,0.0197,0.0012000001,0.63925087,3.5641920747986195,0.33716741,0.092969999,0.0052431652,73.6940355572209,0.56902158,6.8334298
33503,100.0,0.0197,0.0,0.50662941,3.6926244756045117,0.049094923,0.0068799998,0.00433410964,61.30246510464675,0.20384024,28.072842
33525,100.0,0.0197,0.0027999999,0.44941124,4.404284522665147,0.19510496,0.0046799998,0.01906233129,164.83391369152739,0.84045941,3.5550301
33594,100.0,0.0197,0.0094999997,0.366229,4.243845508572494,0.12775448,0.01258,0.0056805337000000004,76.41832157813441,0.39694601,12.17854
33749,100.0,0.0197,0.00079999998,0.40475485,4.238755464967649,0.065526731,0.0056500002,0.0022775074499999997,38.868181270922676,0.12700611,41.92028
33890,100.0,0.0197,0.0031999999,0.32502899,2.0978163240056307,0.17531325,0.01101,0.0037639746700000006,127.57534805661346,0.42528877,8.2526846
33974,100.0,0.0197,0.0070000002,0.37354159,4.8001312329520776,0.10404208,0.00337,0.01017807699,58.83142831270657,0.19269788,36.966503
33993,100.0,0.0197,0.0096000005,0.45306957,2.595604056433377,0.053331088,0.00072000001,0.0012412549129999998,105.2036559485054,0.10922494,26.92227
34104,100.0,0.0197,0.0049999999,0.5362078,2.55800816149472,0.032059647,0.0012300001,0.001124519731,88.98708724417696,0.08970499,112.41241
34180,100.0,0.0197,0.0044999998,0.37118864,3.3454784759218503,0.040597271,0.00079000002,0.0066747458199999995,54.715332484003035,0.07847321,156.67413
34281,100.0,0.0197,0.0099999998,0.34548694,3.0111893051145997,0.014965444,0.00164,0.0041029654297000005,117.77279742805075,0.042775545,184.98662
34303,100.0,0.0197,0.0,0.53622192,2.4567240013300813,0.086031474,0.00081,0.014617536050000001,48.15789566819302,0.29191345,67.418999
34328,100.0,0.0197,0.0048000002,0.45952353,4.276534625490566,0.22062829,0.019339999,0.00244942075,73.9084156105331,0.35665622,7.9982762
34348,100.0,0.0197,0.0035000001,0.29420188,3.34601403034384,0.01034764,0.00026,0.0032047032200000006,45.139464215119595,0.019844174,305.48929
34365,100.0,0.0197,0.022,0.19990262,3.618169872699645,0.065665454,0.00094,0.006574695990000001,85.74428333019074,0.083192848,94.537842
34388,100.0,0.0197,0.0,0.71890873,2.6892243164964533,0.20791887,0.0,0.0028517788,224.9487155245108,0.53676021,4.8012142
34398,100.0,0.0197,0.003,0.66893184,5.903573292475611,0.25072268,0.037129998,0.006080079,207.9324402076127,0.81091589,2.8480711
34412,100.0,0.0197,0.0,0.42886791,3.52323685617248,0.12181921,0.0034700001,0.00168823499,51.82970453502517,0.24630721,13.561268
34437,100.0,0.0197,0.0,0.45510012,2.9703209602185754,0.10378169,0.00562,0.0059535429999999995,255.11229230104516,0.28794831,8.5662413
34481,100.0,0.0197,0.0099999998,0.46221459,6.577884179161462,0.038376343,0.00241,0.00393491427,30.775403719032596,0.058694001,127.72872
34520,100.0,0.0197,0.0041999999,0.60850984,5.25347347296678,0.27762061,0.0043799998,0.0016710795600000002,78.79029878751646,0.31671956,15.956765
34526,100.0,0.0197,0.0,0.38406256,4.390571455570178,0.04909141,0.00244,0.01605838,42.045813568044615,0.11070318,27.212236
34551,100.0,0.0197,0.0,0.45426121,3.876437165652173,0.079131342,0.0049299998,0.019501283030000004,53.10063846624447,0.22099046,12.312264
34586,100.0,0.0197,0.0020000001,0.25063813,3.139452050082418,0.22916767,0.0060800002,0.0024333505,113.1578947381539,1.0809349,6.6369395
34591,100.0,0.0197,0.0088020004,0.42844281,3.858854112825735,0.073366314,0.0063499999,0.014008397879999999,109.68315889088403,0.20292863,24.966812
34631,100.0,0.0197,0.0,0.51857471,2.3437779281454465,0.080593787,0.00030000001,0.01111812188,64.87235504727526,0.25158525,6.0563231
34638,100.0,0.0197,0.0272,0.40909839,4.3391078012262625,0.030414836,0.0056599998,0.00294124649,60.50827996015787,0.061551798,67.223969
34652,100.0,0.0197,0.028349999,0.3859044,5.655616749998806,0.027917674,0.0011,6.1425126e-05,80.22515907977713,0.037965804,159.1591
34671,100.0,0.0197,0.0,0.91336578,5.004923767082866,2.3272812,0.0079899998,0.011314378200000001,1787.676999201875,11.07406,0.59706616
34691,100.0,0.0197,0.0,0.47882277,2.507368319629381,0.24550061,0.0088,0.0172348425,25.85286907452361,0.74992949,12.95051
34703,100.0,0.0197,0.0,0.38485759,5.45910080713222,0.024679054,0.00287,0.027834697949999997,39.36068732190835,0.11083563,32.533661
34709,100.0,0.0197,0.0,0.43355203,4.265459072259477,0.03737478,0.020330001,0.00166713541,89.59292234765473,0.085019551,89.804352
34747,100.0,0.0197,0.0077999998,0.38347477,3.535640410937963,0.50450116,0.0073099998,0.01012366462,133.97114915282197,0.42951518,7.6822476
34748,100.0,0.0197,0.0020000001,0.45647076,5.397323021160565,0.056744024,0.00039,0.00106750749,64.11027012286073,0.24508145,44.148155
34764,100.0,0.0197,0.0024000001,0.70972449,5.280036842815679,0.274892,0.0048400001,0.00695824963,383.60635933242645,0.42847329,4.3447714
34788,100.0,0.0197,0.024800001,0.44434097,2.3977644970394443,0.052707519,0.0052,0.00937458786,70.10965818225523,0.11730447,31.421988
34843,100.0,0.0197,0.0071999999,0.37965417,1.987499955525419,0.15014739,0.00471,0.00712547494,64.33053947486687,0.2062467,26.415983
34873,100.0,0.0197,0.0020000001,0.35839394,4.259853179814449,0.35124245,0.0047300002,0.0134665085,68.79005742689782,0.50903112,14.124494
34878,100.0,0.0197,0.0,0.49753225,2.916986310000227,0.12134347,0.29232001,0.0011592212,77.16186252771593,0.35184029,12.605359
34902,100.0,0.0197,0.0027999999,0.4786582,3.8766778006834497,0.099393465,0.00131,0.00246787571,173.08215166584435,0.20311238,12.036536
34909,100.0,0.0197,0.0,0.46523702,3.0023751995137404,0.27369049,0.01897,0.016354342360000003,90.98057565764637,0.49090686,4.9875464
34985,100.0,0.0197,0.0,0.90595102,4.930760495258592,0.39156371,0.053800002,0.0020634737499999997,144.3834847573552,0.98332947,3.170871
34991,100.0,0.0197,0.0,0.29710183,0.8073972199693947,0.15898848,0.0081799999,0.0021356873,57.00019580965416,0.48785049,7.1738029
35007,100.0,0.0197,0.0,0.70848924,4.7567400112791045,0.3038286,0.0085100001,0.016237131079999998,200.21786533312934,0.72194296,4.5033054
35123,100.0,0.0197,0.006875,0.33018157,2.5836949264279494,0.18740392,0.097939998,0.01398412,107.63444625194151,0.64377719,7.7411404
35151,100.0,0.0197,0.0,0.31503302,4.041571196183436,0.065554649,0.018990001,0.014591380699999998,30.192207821546045,0.17256188,14.80278
35175,100.0,0.0197,0.0,0.52464998,2.1692315365196784,0.29129514,0.0082299998,0.0188652428,80.13266182701307,0.70623428,2.8976624
35208,100.0,0.0197,0.0068999999,0.27191815,4.1333523748459315,0.15446484,0.01247,0.010935439630000002,74.77254390264697,0.26084778,18.682343
35213,100.0,0.0197,0.0,0.69186622,2.46271056848177,0.10139719,0.0041299998,0.0116580638,53.68018430494418,0.41021875,11.598122
35229,100.0,0.0197,0.0,0.44034648,5.0,0.040656574,0.00337,0.0,100.0,0.11593043,29.169699
35397,100.0,0.0197,0.0,0.51915509,1.353275920929331,0.30583754,0.028759999,0.01722850668,148.61543588710487,0.50386333,5.0847678
35424,100.0,0.0197,0.0,0.61784667,4.1299983873728925,0.11329607,0.00038000001,0.012482072599999998,34.76470867084455,0.14094181,14.64463
35491,100.0,0.0197,0.002725,0.34126446,4.906409774379252,0.025572095,0.0012300001,0.001378612428,29.93996404923902,0.060925871,110.83062
35527,100.0,0.0197,0.0,0.68283057,2.042852350787175,1.2612531,0.085430004,0.0127184792,373.41610030877337,4.6541533,0.538095
35574,100.0,0.0197,0.0078999996,0.39362904,2.5070640572284035,0.087724708,0.0040699998,0.002232641741,77.42139130120471,0.1700553,17.677425
35689,100.0,0.0197,0.0,0.76526374,3.4895904533283395,0.29387116,0.0275,0.0074091954000000005,298.3894236868326,0.99104834,1.7720623
35692,100.0,0.0197,0.019200001,0.47866648,5.221633202771368,0.013988333,0.00082999998,0.00044911962999999997,68.64722444402084,0.032453824,204.54546
35723,100.0,0.0197,0.0,0.39297417,4.521418995904857,0.058035333,0.10428,0.0158805347,189.32233376680375,3.4718545e-05,12.763208
35733,100.0,0.0197,0.0,0.98521239,5.210920349735774,0.16157937,0.00208,0.011519119638,65.03895898069398,0.36314586,36.591923
35747,100.0,0.0197,0.0094666667,0.43170083,4.468493119999789,0.060672067,0.01458,9.6061478e-05,86.00358882337753,0.13646547,12.182822
35785,100.0,0.0197,0.0018,0.4244414,4.431220633903216,0.091923676,0.0046299999,0.01669606862,34.475920002493226,0.23828129,10.735983
35791,100.0,0.0197,0.0,0.47119677,4.013035479447741,0.20704429,0.01461,0.027438270319999996,105.43259437151175,0.48323262,3.3611455
35939,100.0,0.0197,0.0087000001,0.51375264,3.263090326681647,0.08445473,0.0018,0.01287361519,70.29687062098418,0.21245638,128.90256
35959,100.0,0.0197,0.0020000001,0.54701471,2.7654794999999446,0.00040436629,0.0022400001,8.9772497e-05,64.11920211487617,0.048638586,210.03729
35975,100.0,0.0197,0.0,0.44498959,6.071118395519345,0.080800071,0.0043100002,0.015458377500000002,106.92406170423193,0.31827128,41.384941
35981,100.0,0.0197,0.0,0.36302716,5.989515954839485,0.015922271,0.0019499999,0.006373246399999999,34.68061327650601,0.042508263,104.65599
36000,100.0,0.0197,0.0068000001,0.41477546,4.30668799887803,0.017018124,0.00073000003,0.00595172684,96.09835171705686,0.050615363,143.71707
36023,100.0,0.0197,0.0060000001,0.61992753,5.282206442481119,0.082609586,0.0044200001,0.005578881440000001,27.50521417680441,0.14516829,74.63607
36077,100.0,0.0197,0.0080000004,0.49092126,4.937828797667611,0.29939294,0.095930003,0.00328565059,113.8387391441062,0.63449121,23.075533
36081,100.0,0.0197,0.0,0.49304774,3.501326143097488,0.14384435,0.00187,0.023253504839999998,62.84877993295502,0.30456719,35.053452
36086,100.0,0.0197,0.0,0.31698745,3.3726168063372017,0.041907448,0.00281,0.006717517480000001,63.919230937573744,0.12251325,83.958488
36098,100.0,0.0197,0.018999999,0.48681813,3.650304842677133,0.02180068,0.0025200001,0.00293659552,109.60575360766668,0.070165843,42.318451
36115,100.0,0.0197,0.0060000001,0.3972787,2.7004393024698636,0.13472234,0.02825,0.00124922471,85.35507612179148,0.247907,19.94117
36165,100.0,0.0197,0.0,0.34884086,1.7432876999994629,0.088956095,7.9999998e-05,0.013636364,16.67906284864244,0.26366144,11.831601
36182,100.0,0.0197,0.0,0.40664452,2.0613718197766433,0.0763698,0.00721,0.0090257194,54.82962199905709,0.48629236,21.169941
36189,100.0,0.0197,0.0099999998,0.41556245,3.0935084992436317,0.13865705,0.0019799999,0.003941999660000001,78.37376799190646,0.19456849,10.83073
36196,100.0,0.0197,0.0062000002,0.52255726,2.5079735389189155,0.093668669,0.033209998,0.0022333009699999997,131.75930599904467,0.2465104,4.2220736
36221,100.0,0.0197,0.028000001,0.49949607,3.4837495210838556,0.054135021,0.0115,0.006804086166,86.32009960671573,0.17881213,21.598846
36226,100.0,0.0197,0.00155,0.33545712,2.0055457002809525,0.26769239,0.09076,0.0372324143,81.41039378026116,1.2550899,4.5801826
36233,100.0,0.0197,0.0,0.66759002,4.508904443026122,0.15686753,0.00318,0.004818517017,135.61900634062383,0.34269336,6.0121236
36260,100.0,0.0197,0.0016,0.6154483,5.0,0.13619633,0.0048400001,0.0,100.0,0.24833311,11.071055
36282,100.0,0.0197,0.0040500001,0.35166237,4.9282189218307675,0.10664114,0.0036500001,0.00102009133,75.41565837697364,0.21127871,13.798764
36291,100.0,0.0197,0.022,0.35517958,1.9197259899992156,0.1676057,0.0055200001,0.0052876482,81.51373074346502,0.56277668,5.6471229
36297,100.0,0.0197,0.0,0.60774267,9.144555036999316,0.38797081,0.0087700002,0.01144544537,202.0281972599394,0.81130862,17.758266
36346,100.0,0.0197,0.00079999998,0.65455198,3.033972619992609,0.4438394,0.11444,0.00036556387,147.38030713666768,1.7709471,2.4225588
36370,100.0,0.0197,0.0,0.46708643,1.8662223604090291,0.47436923,0.0174,0.021525149199999996,113.37681433685054,1.2384784,4.1986642
36384,100.0,0.0197,0.0083999997,0.52706307,2.7297881529562913,0.041749649,0.00275,0.005450774617000002,58.47170181422134,0.087343253,27.179295
36414,100.0,0.0197,0.0,0.41452274,4.135118725009732,0.30068976,0.0036899999,0.0196801668,92.6301036881475,0.76519817,8.5261927
36420,100.0,0.0197,0.001,0.84399319,3.6861248628199577,0.28559622,0.04611,0.011699199,107.4099757098411,0.79576999,9.2553148
36432,100.0,0.0197,0.0106,0.43448347,3.3757896042115454,0.15955174,0.054609999,0.0056941877,39.126926837691606,0.31031922,11.543434
36473,100.0,0.0197,0.0,0.59496784,2.5748079164820186,0.10542429,0.00235,0.005701319335999999,169.13143535808393,0.47144946,7.5300102
36484,100.0,0.0197,0.0016,0.4843291,6.11553808828123,0.52749604,0.01378,0.0031965054,89.50738027303402,0.74345154,5.5023446
36513,100.0,0.0197,0.0018,0.52222043,2.1142166787127574,0.3087948,0.037950002,0.0276256444,113.05312784636308,1.8389683,3.5907891
36583,100.0,0.0197,0.014,0.36663622,2.2934912959795635,0.20908378,0.00091,0.00380018103,94.30755806398041,0.31149662,5.6934929
36597,100.0,0.0197,0.0,0.364133,4.749159910978413,0.24299321,0.00722,0.00206452029,60.1269114119281,0.45718956,17.369226
36829,100.0,0.0197,0.0,0.62241161,1.3999999999964199,0.27562505,0.01418,0.0019976518,215.70708410777814,1.1217154,3.515007
37365,100.0,0.0197,0.0020000001,0.5332849,2.5275591859349924,0.16692096,0.00173,0.001460301187,198.33731468216723,0.17661445,19.14312
37477,100.0,0.0197,0.0,0.50843668,1.7366017397450604,0.047695495,0.00182,0.004003279033999999,35.87483171909699,0.090091698,39.271885
37598,100.0,0.0197,0.019200001,0.92328125,4.924714260807732,0.029053597,0.00056999997,0.0014696825400000002,40.732029974840145,0.084441841,293.29419
37655,100.0,0.0197,0.0,0.46324456,2.392120839223077,0.013242648,0.068539999,0.002142014026,75.02994451912407,0.015016966,244.42461
37694,100.0,0.0197,0.0,0.43043879,2.593260649574566,0.059737708,0.00042,0.008443108979999999,63.739621938573144,0.15622631,21.605516
37776,100.0,0.0197,0.0014,0.48095137,2.823746852205015,0.24069664,0.0055,0.006083268960000001,199.79324821617647,0.22679754,13.731721
37889,100.0,0.0197,0.0,0.35531029,2.165594656971294,0.44613701,0.0082799997,0.007161389703000001,100.16474570968948,0.55208051,13.68543
37941,100.0,0.0197,0.0,0.5373764,4.036922345594841,0.1841011,0.01429,0.051465773799999996,77.9981841285928,0.16655628,26.798676
38031,100.0,0.0197,0.00079999998,0.56020564,5.563561569997074,0.13729861,0.04857,0.00071278377,24.139040875444653,0.26060772,8.7179317
38049,100.0,0.0197,0.0099999998,0.45876768,5.0,0.1152059,0.0099799996,0.0,100.0,0.25628358,11.304786
38137,100.0,0.0197,0.022999899,0.45164928,4.113524349824988,0.023793615,0.0016899999,0.00298550509,67.63523345301488,0.044159461,191.2832
38207,100.0,0.0197,0.0,0.44323757,2.0168396326810365,0.083074979,0.034630001,0.0027286061079999997,45.619278364393054,0.1072714,12.997632
38281,100.0,0.0197,0.003,0.2996498,3.62604018282229,0.062577829,0.0037499999,0.00606763068,79.3077813760805,0.19901374,28.757788
38300,100.0,0.0197,0.0,0.44251746,4.314519334423609,0.094985448,0.00042,0.011502792510000002,150.21432086691104,0.30433387,10.46814
38336,100.0,0.0197,0.0080000004,0.40015212,2.671136369689062,0.41701734,0.0049700001,0.0054680977000000006,116.1975408320001,0.44326037,6.8461924
38440,100.0,0.0197,0.0060000001,0.35026819,4.813712412198227,0.008400498,4.9999999e-05,0.000324636291,51.73440589571643,0.025821056,713.21344
38460,100.0,0.0197,0.0,0.54725683,2.8040786610768413,0.056925904,0.0021500001,0.01013326966,54.77115571569905,0.16429295,22.369553
38471,100.0,0.0197,0.0,0.42436418,2.263013760000004,0.015869414,0.19902,0.00014259852,57.51260046315219,0.023599515,14.193089
38480,100.0,0.0197,0.0060000001,0.4523567,3.701098902756713,0.16551554,0.01052,0.00239619737,66.01478198955849,0.32390869,6.782475
38514,100.0,0.0197,0.0,0.48004147,3.1350748037779703,0.37794825,0.01626,0.02596207066,132.16092286648336,0.90466213,2.7051294
38521,100.0,0.0197,0.0136,0.41697821,1.6834414804562658,0.148688,0.00373,0.005764174380000001,98.45888244411758,0.3219375,5.1693006
38548,100.0,0.0197,0.0,0.42464685,3.32473962437954,0.25384185,0.00199,0.02667162742,124.36425244383224,0.75593936,3.040736
38564,100.0,0.0197,0.0024000001,0.3880063,2.246430387818842,0.35138515,0.0044999998,0.01008485224,83.20490305557078,0.51918226,6.322999
38570,100.0,0.0197,0.00079999998,0.39199641,3.597808339999974,0.21188192,0.016899999,0.0011614964,56.38403167271527,0.44454312,6.2629557
38633,100.0,0.0197,0.0,0.44939861,6.426026601633606,0.15461987,0.0060299998,0.016245357640000003,56.00098279669877,0.42351833,6.6291871
38642,100.0,0.0197,0.0035000001,0.42975155,2.105753439532745,0.063907534,0.00661,0.0024056195,84.66381263711298,0.43065402,12.380387
38655,100.0,0.0197,0.0,0.56605303,2.6014239079837242,0.21777277,0.0156,0.0038754359000000007,108.66843830294974,0.35470182,6.5369143
38680,100.0,0.0197,0.0,0.47003457,4.842959290061134,0.30855531,0.01685,0.01349284161,306.2052734792568,0.94829267,1.7867105
38702,100.0,0.0197,0.0,0.43216714,1.990684919999842,0.034312006,0.59928,0.015299585,63.76404494381983,0.12775815,9.3074417
38789,100.0,0.0197,0.016000001,0.32977721,3.7008813450225464,0.24879803,0.00214,0.00182507363,100.63773070574088,0.76141042,4.9719043
39263,100.0,0.0197,0.0068892855,0.4409503,4.561203786212998,0.10641059,0.0032800001,0.00110738288,271.643505993732,0.215948,18.37866
39348,100.0,0.0197,0.0,0.54119635,3.5425800548706343,0.43525982,0.057769999,0.00719668839,115.25496607234507,1.4465783,1.9086945
39396,100.0,0.0197,0.0076000001,0.45233411,2.545082060092163,0.22515963,0.0047599999,0.0049464301,111.9396798711047,0.39519349,6.5930734
39508,100.0,0.0197,0.0060000001,0.37775788,2.9083707211315164,0.10888147,0.0022499999,0.0034708884500000005,86.57854818947754,0.15350667,39.526661
39748,100.0,0.0197,0.0,0.38807678,2.473231649825048,0.065950058,0.01147,0.00659194079,62.70356428864369,0.18440823,38.560818
39792,100.0,0.0197,0.0,0.36222157,4.018216034455328,0.037511796,0.00096999999,0.005883166140000001,96.14967983217619,0.11570963,74.093781
39864,100.0,0.0197,0.0,0.38928106,2.3809252404739594,0.13370143,0.0051099998,0.0018059013,114.34428624969571,0.44089156,22.869516
39997,100.0,0.0197,0.0,0.47338188,6.945259419284369,0.038468294,0.050420001,0.028699467899999997,14.567761347001872,0.07659509,37.765099
40000,100.0,0.0197,0.0,0.42534259,7.658115740521143,0.19972311,0.0088799996,0.043017703,29.30547623927127,0.45833361,5.6196599
40014,100.0,0.0197,0.0,0.52219594,3.133698539999996,0.12349482,0.10436,0.0043855109,115.59917355372049,0.62614828,4.339931
40026,100.0,0.0197,0.0,0.36748314,4.56668206115373,0.10958745,0.090070002,0.014892824499999999,118.17602397238655,0.306797,11.850271
40035,100.0,0.0197,0.0,0.40494946,3.411780680000003,0.052087571,0.01067,0.0046662027,58.083252662149114,0.1678292,37.837238
40040,100.0,0.0197,0.0,0.49981567,3.0287954605167036,0.16472666,0.01663,0.0031757454,98.59871429094761,0.3658103,6.4452529
40054,100.0,0.0197,0.0,0.54836482,4.470658096749278,0.031076113,0.14113,0.000666436466,103.28092994127712,0.15501808,16.031157
42668,100.0,0.0197,0.0,0.56524742,3.484148583297176,0.48367763,0.052069999,0.01375215452,708.7400701449191,1.9884174,1.2052387
42713,100.0,0.0197,0.0,0.565997,2.823232606036692,0.24929324,0.11479,0.0346208553,43.313236593455215,0.43061841,4.4164853
42844,100.0,0.0197,0.0,0.57225949,4.947733831394636,0.28452322,0.02135,0.015139300630000001,70.68951614047616,1.1608274,1.9751147
42854,100.0,0.0197,0.0,0.51595646,2.1477442486245564,0.11322678,0.00385,0.02210309307,83.6813702515757,0.39911795,4.3185983
42889,100.0,0.0197,0.0,0.56673521,4.7108259439797395,0.27317113,0.0089499997,0.0091020438,172.93810986396417,1.4004877,1.9850305
42948,100.0,0.0197,0.0096000005,0.47738749,2.9802738000000004,0.17558382,0.0089299995,0.00041614455,129.69687145404444,0.49264091,11.91419
42959,100.0,0.0197,0.0089999996,0.53515577,3.985998952645133,0.2110343,0.01095,0.00585799583,88.81955869959656,0.44499233,5.718317
42972,100.0,0.0197,0.0,0.4728196,2.978880244011791,0.089794375,0.00021,0.01928413862,107.51382220197678,0.33090469,5.5453138
43015,100.0,0.0197,0.0,0.58277512,5.0,0.087505214,0.19774,0.0,100.0,0.12894912,15.816337
43025,100.0,0.0197,0.0,0.56482577,4.4878941343895375,0.046533775,0.19427,0.029891368610000003,44.011971465812245,0.1300461,6.7013259
43131,100.0,0.0197,0.017625,0.50855559,2.617067671688214,0.053322673,0.017240001,0.00498251186,53.204429561665606,0.075660489,48.56945
43139,100.0,0.0197,0.0144,0.42490128,3.45776909726171,0.028321557,0.01091,0.00113065326,88.31455366786841,0.07161355,8.5152102
43180,100.0,0.0197,0.0,0.51791883,2.7346548608820864,0.14998773,7.0000002e-05,0.00353062607,84.65817893412846,0.54457074,3.4944525
43221,100.0,0.0197,0.0,0.72159427,5.0,0.097974069,0.038430002,0.0,100.0,0.19415812,10.387361
43227,100.0,0.0197,0.0,0.5247156,3.701090360184721,0.10146736,0.02806,0.0119019493,84.95040685927616,0.3209264,8.1563473
44266,100.0,0.0197,0.0,0.55650514,4.116289892630784,0.10545808,0.088069998,0.00757386202,37.90950252257265,0.21302153,7.3516984
44304,100.0,0.0197,0.0088,0.53695172,3.3248623499722814,0.18525843,0.01137,0.00144655001,89.60730062680894,0.48416638,7.8512702
44328,100.0,0.0197,0.0,0.61581111,5.068264933420595,0.12727915,0.0055999998,0.012308388640000001,61.159132971679874,0.25478595,5.9471169
44408,100.0,0.0197,0.0,0.77347112,3.9442124978875355,0.18691781,0.0056099999,0.00915767741,67.897329758061,0.53897661,3.3526499
44437,100.0,0.0197,0.0068000001,0.56123787,4.624360025735795,0.14962682,0.0054600001,0.01807484564,39.90158988507923,0.46633714,8.168107
44504,100.0,0.0197,0.0,0.61457574,4.512465899020749,0.088531747,0.00066999998,0.00919905186,97.9022056306639,0.4640235,15.135361
44523,100.0,0.0197,0.0043000001,0.56434941,2.2318944043339872,0.11509679,0.0059500001,0.0019502525220000003,78.52995222939927,0.15574479,11.369475
44550,100.0,0.0197,0.0,0.64575762,2.3589231022490424,0.20736974,0.00052,0.01791630399,45.80100822593072,0.4023608,7.1010842
44567,100.0,0.0197,0.0,0.60208046,3.317110731734132,0.19303279,0.0068999999,0.01622108981,101.82485918336326,0.26156649,12.934212
44595,100.0,0.0197,0.0,0.57650924,2.3544770912667774,0.025247864,0.00581,0.0046021432000000004,72.06467070618845,0.14086552,32.001122
44616,100.0,0.0197,0.0,0.40807179,3.554732543562262,0.066426292,0.0056400001,0.006443021639999999,45.393936188781275,0.18674806,42.480576
44621,100.0,0.0197,0.0,0.5767979,2.7248906528413754,0.1224467,0.02235,0.0073687278000000005,74.41285418562725,0.43324056,5.206347
44639,100.0,0.0197,0.0037499999,0.40762571,3.741643709999988,0.45153916,0.01746,0.013135538,72.4808895066017,0.42574799,6.5304699
44646,100.0,0.0197,0.0,0.48616078,3.6131798194232165,0.1255561,0.056809999,0.0054339511,54.70307700532584,0.22547376,5.937386
44671,100.0,0.0197,0.0,0.78077412,4.476137052550661,0.33752725,9.0000001e-05,0.0241501422,186.31847692419043,1.5296602,1.3779273
44673,100.0,0.0197,0.0,0.94776922,4.595128400962685,0.2584511,0.0097200004,0.0124730675,54.9276515443647,0.34989229,4.7169347
44700,100.0,0.0197,0.0,0.54448706,3.6884998047569786,0.24017392,0.00229,0.04012365501,187.48505995016563,0.60641438,6.7538557
44786,100.0,0.0197,0.0053500002,0.45079172,2.2749671027705816,0.20091423,0.01089,0.0031388805399999997,69.52654663463963,0.27906215,14.618845
44824,100.0,0.0197,0.0,0.66960984,3.1119854876296875,0.08452066,0.0039400002,0.029992274599999997,54.50227985119473,0.2779569,6.1261711
44851,100.0,0.0197,0.0,0.60682422,3.4656579379134893,0.39677197,0.0080399998,0.00892909175,22.10155743561893,0.37318066,9.4659739
45017,100.0,0.0197,0.0,0.72277588,3.6654488285387736,0.14715514,0.01171,0.01327380136,127.7676097521226,0.46419162,6.0964909
45477,100.0,0.0197,0.0025500001,0.56245065,4.528020644775221,0.14592734,0.00174,0.00343007899,93.31214210730245,0.31496161,10.908559
45583,100.0,0.0197,0.010640123,0.62073785,3.65490965715273,0.014372028,0.0052399999,0.00310778545,80.74106813324218,0.037677467,168.35062
45833,100.0,0.0197,0.0092000002,0.50651354,4.335763251098205,0.14363554,0.0095800003,0.009478814510000001,39.15888154313116,0.4511967,10.151415
45991,100.0,0.0197,0.0,0.61695707,4.284002227568298,0.40552631,0.033539999,0.07029008749999999,41.14804212827728,0.7742362,6.7146201
46108,100.0,0.0197,0.0041999999,0.38164189,4.906267196147191,0.021975366,0.00336,0.00075870453,51.95274512825147,0.042487945,50.303009
46132,100.0,0.0197,0.0,0.52759361,5.696036096496573,0.021451777,0.0077999998,0.00973454828,20.79154360091737,0.032845635,182.50334
46272,100.0,0.0197,0.0,0.60421824,4.752325432439947,0.18482094,0.00728,0.049036206540000016,33.56231850881963,0.50947785,5.4742174
46385,100.0,0.0197,0.0,0.53590906,6.334919962433889,0.12823622,0.0086700004,0.022545787930000002,58.27064972500327,0.26226142,9.8922911
46485,100.0,0.0197,0.0,0.56290412,3.7339971178991855,0.16963516,0.00102,0.01639058672,58.813519537484275,0.3466934,7.2588959
46511,100.0,0.0197,0.0,0.41691542,2.176223470558533,0.071361855,0.0037400001,0.0128459304,74.42590963620795,0.25899053,8.763505
46546,100.0,0.0197,0.0,0.65892416,3.0177009009599587,0.11500434,0.016109999,0.00965011839,84.66948321579628,0.26362273,8.4025183
46862,100.0,0.0197,0.00039999999,0.5561682,3.1468311492762293,0.1638865,0.0084600002,0.00743108508,206.4540173340078,0.30666038,10.820037
47744,100.0,0.0197,0.0,0.45181832,6.301566014100315,0.09067785,0.045150001,0.0077995694,42.14815485080959,0.2668561,13.989138
47765,100.0,0.0197,0.0,0.5492661,4.2029088625870195,0.42434108,0.00022,0.016748180100000003,79.15050445285249,0.71377116,3.908231
48025,100.0,0.0197,0.0,0.56286311,2.718997071940818,0.25545722,0.0051899999,0.005588143649999999,102.00473841994271,0.34590459,3.712841
48026,100.0,0.0197,0.0,0.65226763,4.26618277032912,0.1604996,0.00716,0.03062357857,33.121264102604776,0.34049278,6.9814129
48156,100.0,0.0197,0.00089999998,0.57323968,2.83326333044218,0.26898447,0.00232,0.01946890497,81.72293575186615,0.51197809,4.8913641
48205,100.0,0.0197,0.0,1.1773257,4.861733614072614,0.20343998,0.0059400001,0.0123759426,74.31691679084912,0.48467559,4.1811838
48213,100.0,0.0197,0.0,0.59175342,2.959037440549009,0.61052674,0.026969999,0.033591518699999996,89.83412735714384,1.5615886,1.3782804
48228,100.0,0.0197,0.0104,0.25741512,3.301203765763695,0.10889666,0.00339,0.0194761195,68.96280060162522,0.3028613,39.131569
48629,100.0,0.0197,0.0,0.54517937,2.4730964559343835,0.075323708,0.021260001,0.01641201418,74.32355309940884,0.176709,4.717638
48653,100.0,0.0197,0.0,0.4048999,4.157808129988522,0.057126582,0.00046000001,0.0027299034,20.891853932582723,0.16201521,31.297812
49081,100.0,0.0197,0.0,0.52654761,5.0,2.2024112,0.10295,0.0,100.0,6.5776496,1.6323121
49658,100.0,0.0197,0.0,0.60687304,2.9724387374341465,0.34804261,0.050220001,0.0279898354,66.02773200049856,0.70114934,3.7382436
49715,100.0,0.0197,0.0,0.76764232,0.23965307650323853,0.98306471,0.0,0.01292537304,131.08327600610855,1.5484979,2.2083602
49873,100.0,0.0197,0.0020999999,0.74353766,3.3334839945177572,0.21504708,0.00404,0.004165737833,152.21010542175293,0.46377033,6.0846629
49916,100.0,0.0197,0.0020000001,0.67629999,2.8522532490883017,0.042447928,0.0082799997,0.000961270268,129.1355955970571,0.13218533,74.154335
50348,100.0,0.0197,0.0,0.73462105,3.9242765119925243,0.31703663,0.0086500002,0.026530164460000002,353.25518708352763,0.71572101,2.7803032
50760,100.0,0.0197,0.0,0.66520202,5.765633680547187,0.34125021,0.00127,0.00234757528,43.872144971816454,0.37684879,3.9657941
50995,100.0,0.0197,0.0049000001,0.50821978,3.703134715401875,0.098411269,0.01945,0.0385897764,80.69451739891818,0.26188898,32.794983
51350,100.0,0.0197,0.00079999998,0.36995202,1.9987924750216635,0.16722532,0.22645999,0.00194663052,111.92020287491948,0.42530528,4.0660291
51431,100.0,0.0197,0.0,0.69242847,4.473690026075006,0.068991564,0.0091399997,0.00568760401,22.934679491204168,0.19550709,20.03471
51446,100.0,0.0197,0.0,0.53860945,3.3379080717750464,0.20281401,7.9999998e-05,0.023741807490000003,131.04931755486513,0.49154663,8.5406923
51505,100.0,0.0197,0.0,0.48593211,7.764913967448754,0.17491122,0.02012,0.02142089951,131.18692191078756,0.38848552,4.3555069
51533,100.0,0.0197,0.0,0.49810779,5.30043532400915,0.26477796,0.0108,0.01722041732,35.56808454021374,0.8254047,4.6162076
51806,100.0,0.0197,0.0,0.428215,3.5092074068853143,2.8590863,0.0087900003,0.0586812251,181.95542880965073,4.0133581,0.88842088
51818,100.0,0.0197,0.0,0.73984838,3.132227474349522,0.22192644,0.00666,0.0030152100300000003,138.10742745016245,0.41461521,2.9726202
51884,100.0,0.0197,0.0,0.49407279,4.335347817445341,0.027327655,0.00284,0.01546660977,42.53952615553626,0.056480303,68.89991
51975,100.0,0.0197,0.0061499998,0.46757281,3.386873082175949,0.22226399,0.0046000001,0.0026051784299999997,104.36146661517826,0.33425382,7.6895676
52222,100.0,0.0197,0.0,0.62420326,4.668231377380811,0.23285413,0.01591,0.00776061882,31.793625832202917,0.4246445,6.2898822
52325,100.0,0.0197,0.0,0.47366363,3.587411809111328,0.026637789,0.0096800001,0.00234456745,24.845137605926517,0.052656554,84.259323
53065,100.0,0.0197,0.00280186,0.62917697,3.975346049597522,0.08591748,0.00254,0.00246690745,148.74923419031288,0.19517677,17.470041
53153,100.0,0.0197,0.0,0.4850305,2.9288964424125394,0.42539218,0.061360002,0.008736366189999999,64.72802556159182,0.58853221,3.3146777
53426,100.0,0.0197,0.0,0.50122845,3.3375622374590264,0.10628088,0.01725,0.022474154540000003,47.63135480474273,0.33601299,7.2222967
53441,100.0,0.0197,0.0024000001,0.56565315,3.3956273190934825,0.26207283,0.01437,0.00250731309,77.1643448073471,0.63001937,3.905376
53463,100.0,0.0197,0.0,1.3672769,3.6144398993925493,1.233956,0.079400003,0.0140299306,5374.079256865342,1.7714373,8.3820801
53469,100.0,0.0197,0.0,0.32110366,4.453701714789451,0.045081876,0.0,0.010507148139999999,17.629025203087206,0.15713416,73.339699
53629,100.0,0.0197,0.0080000004,0.43237931,3.9238063523858338,0.21911968,0.00166,0.00371751701,146.33179603126095,0.24187243,6.5337625
53807,100.0,0.0197,0.0,0.48605171,3.5042328558592035,0.051793803,0.0035000001,0.012184533280000001,34.391282512700265,0.1221326,44.786903
54223,100.0,0.0197,0.0,0.65731758,4.496799791667232,0.18879235,0.01109,0.00784495575,97.91227005408908,0.55431765,3.9691758
54514,100.0,0.0197,0.0,0.60119224,5.8378084799580225,0.39371246,0.00124,0.0010127487,89.99999999785715,1.6946094,2.0562849
